Region,Date,Vegetation_index_mean,Vegetation_index_max,Vegetation_index_min,Vegetation_index_std,Vegetation_index_variance
NSW,1/1/2005,0.349202013,0.997199953,-0.199999988,0.204861658,0.041968299
NSW,2/1/2005,0.35740272,0.977199972,-0.199999988,0.208672808,0.043544341
NSW,3/1/2005,0.354086901,0.974999964,-0.199999988,0.209450457,0.043869494
NSW,4/1/2005,0.347242212,0.990399957,-0.199999988,0.207306677,0.042976058
NSW,5/1/2005,0.345525727,0.997199953,-0.199999988,0.202858051,0.041151389
NSW,6/1/2005,0.399652424,0.960199952,-0.199999988,0.188569978,0.035558637
NSW,7/1/2005,0.451143018,0.955499947,-0.199999988,0.174266677,0.030368875
NSW,8/1/2005,0.498218123,0.978199959,-0.199999988,0.181103059,0.032798318
NSW,9/1/2005,0.505553223,0.980499983,-0.199999988,0.204202021,0.041698465
NSW,10/1/2005,0.439442725,0.981399953,-0.199999988,0.214670716,0.046083517
NSW,11/1/2005,0.393166262,0.99149996,-0.199999988,0.20618776,0.042513392
NSW,12/1/2005,0.358580378,0.966099977,-0.199999988,0.192283881,0.036973091
NSW,1/1/2006,0.359218254,0.992999971,-0.199999988,0.206632811,0.042697118
NSW,2/1/2006,0.358147686,0.97329998,-0.199999988,0.205099252,0.042065703
NSW,3/1/2006,0.363126396,0.973999977,-0.199999988,0.207308856,0.042976962
NSW,4/1/2006,0.36618038,0.98269999,-0.199999988,0.203730693,0.041506195
NSW,5/1/2006,0.362763503,0.985699952,-0.199999988,0.201277621,0.040512681
NSW,6/1/2006,0.387080326,0.986699998,-0.199999988,0.193259918,0.037349396
NSW,7/1/2006,0.444227353,0.974599957,-0.199999988,0.177458841,0.03149164
NSW,8/1/2006,0.447574744,0.979999959,-0.199999988,0.180443728,0.032559939
NSW,9/1/2006,0.390498782,0.974999964,-0.199999988,0.183938364,0.033833322
NSW,10/1/2006,0.331553543,0.992199957,-0.199999988,0.179786505,0.032323187
NSW,11/1/2006,0.316723031,0.989899993,-0.199999988,0.181054716,0.03278081
NSW,12/1/2006,0.309377259,0.979999959,-0.199999988,0.180071633,0.032425793
NSW,1/1/2007,0.30968594,0.986799955,-0.199999988,0.179098249,0.032076183
NSW,2/1/2007,0.32129933,0.97179997,-0.199999988,0.185191393,0.034295852
NSW,3/1/2007,0.363577951,0.976399958,-0.199999988,0.214540623,0.046027679
NSW,4/1/2007,0.361579566,0.98089999,-0.199999988,0.208313068,0.043394334
NSW,5/1/2007,0.434657675,0.979999959,-0.199999988,0.193038653,0.037263921
NSW,6/1/2007,0.487715006,0.968699992,-0.199999988,0.185326156,0.034345784
NSW,7/1/2007,0.491834618,0.973549962,-0.199999988,0.185913203,0.034563719
NSW,8/1/2007,0.467584916,0.979699969,-0.199999988,0.206939038,0.042823765
NSW,9/1/2007,0.397514088,0.95449996,-0.199999988,0.199675839,0.039870441
NSW,10/1/2007,0.344548323,0.95449996,-0.199999988,0.188172277,0.035408806
NSW,11/1/2007,0.339336839,0.99939996,-0.199999988,0.202490149,0.04100226
NSW,12/1/2007,0.374419783,0.982899964,-0.199999988,0.206996619,0.0428476
NSW,1/1/2008,0.397123669,0.997500002,-0.199999988,0.212198625,0.045028257
NSW,2/1/2008,0.411934679,0.966099977,-0.199999988,0.214101716,0.045839545
NSW,3/1/2008,0.382396232,0.975099981,-0.199999988,0.208468829,0.043459253
NSW,4/1/2008,0.37216764,0.977499962,-0.199999988,0.207733435,0.04315318
NSW,5/1/2008,0.376230218,0.969599962,-0.199999988,0.205264387,0.042133469
NSW,6/1/2008,0.40901694,0.986899972,-0.199999988,0.200824662,0.040330545
NSW,7/1/2008,0.418643882,0.969599962,-0.199999988,0.196487999,0.038607534
NSW,8/1/2008,0.41457621,0.985099971,-0.199999988,0.202581269,0.04103917
NSW,9/1/2008,0.411677411,0.976699948,-0.199999988,0.209861464,0.044041834
NSW,10/1/2008,0.360082019,0.966600001,-0.199999988,0.202157598,0.040867694
NSW,11/1/2008,0.349936231,0.997599959,-0.199999988,0.205124467,0.042076047
NSW,12/1/2008,0.356946658,0.944966674,-0.199999988,0.202831549,0.041140637
NSW,1/1/2009,0.331997751,1.051999927,-0.257200003,0.195517992,0.038227285
NSW,2/1/2009,0.340742836,0.972899973,-0.215199992,0.200091823,0.040036738
NSW,3/1/2009,0.362675768,1.019899964,-0.254000008,0.208690711,0.043551813
NSW,4/1/2009,0.374520704,0.970099986,-0.218649998,0.211049236,0.04454178
NSW,5/1/2009,0.398389494,0.97329998,-0.284700006,0.212756909,0.045265502
NSW,6/1/2009,0.445159305,0.995899975,-0.222199991,0.202705682,0.041089594
NSW,7/1/2009,0.475210666,0.967199981,-0.257999986,0.202365271,0.040951703
NSW,8/1/2009,0.45326355,1.012899995,-0.231999993,0.210060574,0.044125445
NSW,9/1/2009,0.389030681,1.004699945,-0.272199988,0.198573855,0.039431576
NSW,10/1/2009,0.339985519,0.970299959,-0.245249987,0.192223251,0.036949778
NSW,11/1/2009,0.314231173,0.970099986,-0.221499994,0.183808002,0.033785382
NSW,12/1/2009,0.334200678,0.967199981,-0.222233325,0.181603882,0.03297997
NSW,1/1/2010,0.364241593,1.031999946,-0.281499982,0.208677093,0.043546129
NSW,2/1/2010,0.419925707,0.988499999,-0.220049992,0.210188885,0.044179367
NSW,3/1/2010,0.451852377,1.057600021,-0.256899983,0.193561694,0.037466129
NSW,4/1/2010,0.444067434,1.044999957,-0.262400001,0.196486552,0.038606965
NSW,5/1/2010,0.443009885,1.060299993,-0.256999999,0.192665145,0.037119858
NSW,6/1/2010,0.468602732,1.041499972,-0.316199988,0.186927585,0.034941922
NSW,7/1/2010,0.496835022,1.092199922,-0.239599988,0.190673847,0.036356516
NSW,8/1/2010,0.523177276,0.96419996,-0.300599992,0.193403949,0.037405088
NSW,9/1/2010,0.526983532,1.003000021,-0.233249992,0.192905295,0.037212453
NSW,10/1/2010,0.487569799,0.942749977,-0.250750005,0.194841405,0.037963173
NSW,11/1/2010,0.451908095,1.054099917,-0.272300005,0.186892311,0.034928736
NSW,12/1/2010,0.462591429,0.965999961,-0.244799986,0.18019549,0.032470415
NSW,1/1/2011,0.447797872,1.004699945,-0.268399984,0.182956198,0.03347297
NSW,2/1/2011,0.473266736,1.104200006,-0.298199981,0.174529528,0.030460556
NSW,3/1/2011,0.48695363,1.054299951,-0.297299981,0.182069704,0.033149377
NSW,4/1/2011,0.483529651,1.05129993,-0.317900002,0.18528406,0.034330183
NSW,5/1/2011,0.468125291,1.098099947,-0.303799987,0.185601874,0.034448056
NSW,6/1/2011,0.46143888,1.102399945,-0.302100003,0.182825759,0.033425258
NSW,7/1/2011,0.459491124,1.101099968,-0.285299987,0.182751726,0.033398193
NSW,8/1/2011,0.469058002,0.976699948,-0.223549992,0.186620818,0.03482733
NSW,9/1/2011,0.45360203,1.09070003,-0.337099999,0.191915695,0.036831634
NSW,10/1/2011,0.420563327,1.004199982,-0.271099985,0.191583795,0.03670435
NSW,11/1/2011,0.404595163,1.025099993,-0.287599981,0.196639854,0.038667232
NSW,12/1/2011,0.42570449,0.986899972,-0.207366675,0.187055298,0.034989685
NSW,1/1/2012,0.392460991,1.102800012,-0.320600003,0.179355684,0.032168462
NSW,2/1/2012,0.446051479,0.966600001,-0.217950001,0.199586793,0.039834888
NSW,3/1/2012,0.499478857,0.98939997,-0.225449994,0.184381405,0.033996502
NSW,4/1/2012,0.487111597,1.032599926,-0.232049987,0.185657499,0.034468707
NSW,5/1/2012,0.468868395,1.050099969,-0.226149991,0.18590173,0.034559453
NSW,6/1/2012,0.470095199,1.067899942,-0.260399997,0.184400011,0.034003364
NSW,7/1/2012,0.477545473,0.984200001,-0.257499993,0.182219235,0.033203849
NSW,8/1/2012,0.461503757,0.964899957,-0.272799999,0.180230874,0.032483168
NSW,9/1/2012,0.437116166,0.976399958,-0.246849999,0.180564523,0.032603547
NSW,10/1/2012,0.385839444,0.934699953,-0.237949997,0.175238665,0.03070859
NSW,11/1/2012,0.351425837,1.045499921,-0.2491,0.177446977,0.03148743
NSW,12/1/2012,0.348178997,0.956499994,-0.242499992,0.183805965,0.033784633
NSW,1/1/2013,0.348071246,0.996799946,-0.199999988,0.191555564,0.036693534
NSW,2/1/2013,0.365721911,0.972899973,-0.199999988,0.196581463,0.038644272
NSW,3/1/2013,0.419477102,0.976699948,-0.199999988,0.216164947,0.046727284
NSW,4/1/2013,0.405171596,0.989099979,-0.199999988,0.211653819,0.044797339
NSW,5/1/2013,0.410032525,0.989899993,-0.199999988,0.203885516,0.041569304
NSW,6/1/2013,0.460621154,0.98269999,-0.199999988,0.191519678,0.036679787
NSW,7/1/2013,0.512430365,0.975899994,-0.199999988,0.194382406,0.03778452
NSW,8/1/2013,0.492802998,0.968199968,-0.199999988,0.205259444,0.042131439
NSW,9/1/2013,0.434629044,0.985099971,-0.199999988,0.204768039,0.04192995
NSW,10/1/2013,0.359725486,0.942299962,-0.199999988,0.182475421,0.033297279
NSW,11/1/2013,0.328432366,0.996799946,-0.199999988,0.180084893,0.032430569
NSW,12/1/2013,0.334117032,0.975299954,-0.199999988,0.188980128,0.035713489
NSW,1/1/2014,0.320179051,0.995499969,-0.199999988,0.178057195,0.031704365
NSW,2/1/2014,0.333172583,0.976099968,-0.199999988,0.179729014,0.032302518
NSW,3/1/2014,0.412400152,0.978199959,-0.199999988,0.202382814,0.040958803
NSW,4/1/2014,0.487625803,0.991400003,-0.199999988,0.21059621,0.044350764
NSW,5/1/2014,0.495688543,0.979499996,-0.199999988,0.201445676,0.04058036
NSW,6/1/2014,0.513229364,0.987800002,-0.199999988,0.201366346,0.040548405
NSW,7/1/2014,0.484491735,0.98179996,-0.199999988,0.206719418,0.042732918
NSW,8/1/2014,0.468967436,0.986799955,-0.199999988,0.206100296,0.042477332
NSW,9/1/2014,0.433915404,0.966600001,-0.199999988,0.202600082,0.041046793
NSW,10/1/2014,0.357798013,0.97179997,-0.199999988,0.189577184,0.035939509
NSW,11/1/2014,0.324827202,0.996899962,-0.199999988,0.181711267,0.033018984
NSW,12/1/2014,0.360015313,0.981299996,-0.199999988,0.201517277,0.040609213
NSW,1/1/2015,0.398910486,0.998999953,-0.199999988,0.211744677,0.044835808
NSW,2/1/2015,0.386077799,0.97359997,-0.199999988,0.212877929,0.045317012
NSW,3/1/2015,0.369387747,0.98029995,-0.199999988,0.208778053,0.043588276
NSW,4/1/2015,0.402294041,0.987499952,-0.199999988,0.211968856,0.044930796
NSW,5/1/2015,0.444386215,0.991999984,-0.199999988,0.20995359,0.04408051
NSW,6/1/2015,0.487744341,0.995700002,-0.199999988,0.196570389,0.038639918
NSW,7/1/2015,0.520228864,0.993900001,-0.199999988,0.196024979,0.038425792
NSW,8/1/2015,0.525018835,0.977499962,-0.199999988,0.206603083,0.042684834
NSW,9/1/2015,0.465349822,0.980699956,-0.199999988,0.211403528,0.044691452
NSW,10/1/2015,0.392739102,0.973999977,-0.199999988,0.201556561,0.040625047
NSW,11/1/2015,0.370744919,0.994399965,-0.199999988,0.201007603,0.040404056
NSW,12/1/2015,0.360202255,0.995099962,-0.206199989,0.198620465,0.039450089
NSW,1/1/2016,0.373279527,1.076799989,-0.272199988,0.215851789,0.046591995
NSW,2/1/2016,0.375248794,1.021199942,-0.249799997,0.20333384,0.041344651
NSW,3/1/2016,0.360778274,1.041299939,-0.27759999,0.204285389,0.04173252
NSW,4/1/2016,0.366625917,1.063499928,-0.2333,0.205660882,0.042296398
NSW,5/1/2016,0.44519977,1.030200005,-0.287299991,0.189624129,0.03595731
NSW,6/1/2016,0.522837889,0.988499999,-0.299999982,0.192909512,0.03721408
NSW,7/1/2016,0.572152972,0.975349963,-0.299999982,0.193900716,0.037597488
NSW,8/1/2016,0.581668246,0.979099989,-0.199999988,0.193344119,0.037381948
NSW,9/1/2016,0.563442713,0.979799986,-0.199999988,0.194179323,0.037705609
NSW,10/1/2016,0.484455339,0.980599999,-0.199999988,0.191327056,0.036606042
NSW,11/1/2016,0.403118408,0.995999992,-0.199999988,0.184436451,0.034016804
NSW,12/1/2016,0.379145951,0.936733305,-0.199999988,0.180115193,0.032441483
NSW,1/1/2017,0.387131369,0.998299956,-0.199999988,0.190050967,0.03611937
NSW,2/1/2017,0.377896575,0.958700001,-0.199999988,0.193293779,0.037362485
NSW,3/1/2017,0.412662336,0.987599969,-0.199999988,0.206331635,0.042572744
NSW,4/1/2017,0.456487737,0.987999976,-0.199999988,0.219795094,0.048309883
NSW,5/1/2017,0.485783179,0.997699976,-0.199999988,0.212069159,0.044973328
NSW,6/1/2017,0.486896357,0.996199965,-0.199999988,0.207031077,0.042861867
NSW,7/1/2017,0.470713753,0.981599987,-0.199999988,0.205894981,0.042392743
NSW,8/1/2017,0.445012965,0.988399982,-0.199999988,0.206217261,0.042525559
NSW,9/1/2017,0.412278336,0.981399953,-0.199999988,0.195636336,0.038273576
NSW,10/1/2017,0.389205,0.971199989,-0.199999988,0.197412006,0.0389715
NSW,11/1/2017,0.361397932,0.99059999,-0.199999988,0.191448981,0.036652712
NSW,12/1/2017,0.377094588,0.98969996,-0.199999988,0.19467055,0.037896623
NSW,1/1/2018,0.365902957,0.995799959,-0.199999988,0.195630296,0.038271213
NSW,2/1/2018,0.360724495,0.984599948,-0.199999988,0.197956331,0.039186709
NSW,3/1/2018,0.375255939,0.974599957,-0.199999988,0.207958143,0.043246589
NSW,4/1/2018,0.377366173,0.974999964,-0.199999988,0.210328148,0.04423793
NSW,5/1/2018,0.379137624,0.981399953,-0.199999988,0.208621069,0.043522751
NSW,6/1/2018,0.400967249,0.989199996,-0.199999988,0.210367814,0.044254617
NSW,7/1/2018,0.39284065,0.979499996,-0.199999988,0.206466968,0.042628609
NSW,8/1/2018,0.379641566,0.993399978,-0.199999988,0.206470601,0.042630109
NSW,9/1/2018,0.363466077,0.979499996,-0.199999988,0.200476529,0.040190839
NSW,10/1/2018,0.355398248,0.992899954,-0.199999988,0.198053177,0.039225061
NSW,11/1/2018,0.347293352,0.994799972,-0.199999988,0.201826475,0.040733926
NSW,12/1/2018,0.334104299,0.98969996,-0.199999988,0.197359748,0.03895087
NSW,1/1/2019,0.328516835,0.990799963,-0.199999988,0.20317719,0.041280971
NSW,2/1/2019,0.321631832,0.998099983,-0.199999988,0.191444615,0.036651041
NSW,3/1/2019,0.341943143,0.990099967,-0.199999988,0.206687364,0.042719666
NSW,4/1/2019,0.384006218,0.984099984,-0.199999988,0.217006339,0.047091751
NSW,5/1/2019,0.428099539,0.987899959,-0.199999988,0.211237507,0.044621284
NSW,6/1/2019,0.44540058,0.995399952,-0.199999988,0.213974001,0.045784873
NSW,7/1/2019,0.44513595,0.992999971,-0.199999988,0.219535802,0.048195968
NSW,8/1/2019,0.41238604,0.992799997,-0.199999988,0.216266013,0.046770989
NSW,9/1/2019,0.356929642,0.986399949,-0.199999988,0.195758742,0.038321485
NSW,10/1/2019,0.307580265,0.976999998,-0.199999988,0.170899132,0.029206513
NSW,11/1/2019,0.287437215,0.978899956,-0.199999988,0.157639002,0.024850055
NSW,12/1/2019,0.271920251,0.986399949,-0.199999988,0.143488285,0.020588888
NSW,1/1/2020,0.289264513,0.988799989,-0.199999988,0.161298276,0.026017134
NSW,2/1/2020,0.341908717,1.076300025,-0.3565,0.197475765,0.038996678
NSW,3/1/2020,0.420350815,1.093799949,-0.383399993,0.222418961,0.049470194
NSW,4/1/2020,0.473149622,0.987399995,-0.199999988,0.219312319,0.048097893
NSW,5/1/2020,0.495219126,1.034199953,-0.475599974,0.209962597,0.044084292
NSW,6/1/2020,0.521295434,0.991849959,-0.199999988,0.213039073,0.045385647
NSW,7/1/2020,0.535514576,0.984599948,-0.199999988,0.228148828,0.052051888
NSW,8/1/2020,0.538258852,0.967700005,-0.199999988,0.223635851,0.050012994
NSW,9/1/2020,0.504632419,0.979699969,-0.199999988,0.222170778,0.049359855
NSW,10/1/2020,0.446502491,0.989299953,-0.199599996,0.20641001,0.042605092
NT,1/1/2005,0.300478332,0.998599946,-0.199999988,0.152620601,0.023293048
NT,2/1/2005,0.308120258,0.994799972,-0.199999988,0.164542083,0.027074097
NT,3/1/2005,0.301442121,0.985300004,-0.199999988,0.159997075,0.025599064
NT,4/1/2005,0.285698365,0.992399991,-0.199999988,0.144754148,0.020953763
NT,5/1/2005,0.266351206,0.980499983,-0.199999988,0.124131766,0.015408695
NT,6/1/2005,0.258240477,0.994099975,-0.199999988,0.111426787,0.012415929
NT,7/1/2005,0.251138602,0.996399999,-0.199999988,0.09829559,0.009662023
NT,8/1/2005,0.238232136,0.992199957,-0.199999988,0.084666621,0.007168437
NT,9/1/2005,0.230683713,0.991699994,-0.199999988,0.078560546,0.006171759
NT,10/1/2005,0.243869604,0.985099971,-0.199999988,0.083054664,0.006898077
NT,11/1/2005,0.262154063,0.994199991,-0.199999988,0.11137661,0.012404749
NT,12/1/2005,0.28568239,0.964999974,-0.199999988,0.126036821,0.01588528
NT,1/1/2006,0.274214464,0.998399973,-0.199999988,0.122335244,0.014965912
NT,2/1/2006,0.351745652,0.970999956,-0.199999988,0.159494627,0.025438536
NT,3/1/2006,0.336141668,0.979299963,-0.199999988,0.138802788,0.019266214
NT,4/1/2006,0.357138607,0.997699976,-0.199999988,0.157805637,0.024902619
NT,5/1/2006,0.346621145,0.971199989,-0.199999988,0.144770048,0.020958367
NT,6/1/2006,0.320888319,0.983199954,-0.199999988,0.127690558,0.016304879
NT,7/1/2006,0.300528119,0.979900002,-0.199999988,0.11376221,0.01294184
NT,8/1/2006,0.273765122,0.976899981,-0.199999988,0.098251803,0.009653417
NT,9/1/2006,0.253437112,0.976399958,-0.199999988,0.08771142,0.007693293
NT,10/1/2006,0.246683521,0.995700002,-0.199999988,0.088436945,0.007821093
NT,11/1/2006,0.246842707,0.994199991,-0.199999988,0.094139092,0.008862169
NT,12/1/2006,0.254474751,0.987499952,-0.199999988,0.107620921,0.011582263
NT,1/1/2007,0.335296484,0.998299956,-0.199999988,0.148401984,0.022023149
NT,2/1/2007,0.342593418,0.992899954,-0.199999988,0.148658412,0.022099323
NT,3/1/2007,0.349489652,0.991699994,-0.199999988,0.15219493,0.023163297
NT,4/1/2007,0.340677323,0.995700002,-0.199999988,0.134717769,0.018148877
NT,5/1/2007,0.322588442,0.988899946,-0.199999988,0.122232213,0.014940714
NT,6/1/2007,0.306031492,0.997699976,-0.199999988,0.113803919,0.012951332
NT,7/1/2007,0.282780896,0.969299972,-0.199999988,0.098939227,0.009788971
NT,8/1/2007,0.26154999,0.996899962,-0.199999988,0.088854239,0.007895076
NT,9/1/2007,0.24210571,0.992199957,-0.199999988,0.080270789,0.0064434
NT,10/1/2007,0.237504239,0.980149984,-0.199999988,0.08873636,0.007874142
NT,11/1/2007,0.247939654,0.993900001,-0.199999988,0.106433119,0.011328009
NT,12/1/2007,0.279110114,0.992599964,-0.199999988,0.126430549,0.015984684
NT,1/1/2008,0.300449043,0.99939996,-0.199999988,0.161093815,0.025951217
NT,2/1/2008,0.312123549,0.993699968,-0.199999988,0.159583235,0.025466809
NT,3/1/2008,0.318495155,0.99909997,-0.199999988,0.170974811,0.029232386
NT,4/1/2008,0.292541918,0.98969996,-0.199999988,0.149530182,0.022359275
NT,5/1/2008,0.273522327,0.994899988,-0.199999988,0.130560188,0.017045963
NT,6/1/2008,0.268626573,0.988999963,-0.199999988,0.118560575,0.01405661
NT,7/1/2008,0.25378365,0.970099986,-0.199999988,0.10636606,0.011313739
NT,8/1/2008,0.236369353,0.977799952,-0.199999988,0.092402316,0.008538188
NT,9/1/2008,0.228306464,0.994699955,-0.199999988,0.087207328,0.007605118
NT,10/1/2008,0.223265026,0.965499997,-0.199999988,0.090565605,0.008202129
NT,11/1/2008,0.235483124,0.996199965,-0.199999988,0.099135829,0.009827913
NT,12/1/2008,0.292250174,0.97299999,-0.265899986,0.129531741,0.016778472
NT,1/1/2009,0.317461638,1.047799945,-0.290800005,0.150382846,0.022615
NT,2/1/2009,0.34673408,1.067000031,-0.259599984,0.158445081,0.025104844
NT,3/1/2009,0.332862542,1.100600004,-0.289499998,0.161156768,0.025971504
NT,4/1/2009,0.309264171,1.043900013,-0.261900008,0.14530833,0.021114511
NT,5/1/2009,0.293722152,1.075899959,-0.294999987,0.128334622,0.016469775
NT,6/1/2009,0.282235571,1.121799946,-0.330599993,0.117595087,0.013828604
NT,7/1/2009,0.26508302,1.032400012,-0.315099984,0.106790007,0.011404106
NT,8/1/2009,0.249383445,1.097000003,-0.306999981,0.096849201,0.009379768
NT,9/1/2009,0.23664578,1.048099995,-0.300799996,0.089275464,0.007970108
NT,10/1/2009,0.229360986,0.988999963,-0.282499999,0.088986763,0.007918644
NT,11/1/2009,0.228871306,1.112699986,-0.310299993,0.096493146,0.009310927
NT,12/1/2009,0.26126345,1.091899991,-0.244899988,0.115992652,0.013454295
NT,1/1/2010,0.31729386,1.075299978,-0.260399997,0.148332617,0.022002565
NT,2/1/2010,0.341052389,1.010900021,-0.315200001,0.159863435,0.025556318
NT,3/1/2010,0.362741531,1.13169992,-0.258300006,0.149856233,0.02245689
NT,4/1/2010,0.360420308,1.003600001,-0.302699983,0.130181359,0.016947186
NT,5/1/2010,0.353533052,0.993699968,-0.270599991,0.124785997,0.015571545
NT,6/1/2010,0.334755626,0.990999997,-0.251699984,0.114324792,0.013070158
NT,7/1/2010,0.314116636,1.101499915,-0.269999981,0.103263414,0.010663333
NT,8/1/2010,0.296418632,0.994099975,-0.300799996,0.092560642,0.008567473
NT,9/1/2010,0.29332167,0.977499962,-0.242499992,0.091066335,0.008293077
NT,10/1/2010,0.299980275,1.096599936,-0.263699979,0.105440985,0.011117801
NT,11/1/2010,0.306870566,1.182899952,-0.288699985,0.118401861,0.014019001
NT,12/1/2010,0.330065858,1.009799957,-0.252599984,0.118246081,0.013982136
NT,1/1/2011,0.373387858,1.032099962,-0.282700002,0.145309,0.021114705
NT,2/1/2011,0.36513789,1.044099927,-0.256899983,0.117977272,0.013918637
NT,3/1/2011,0.387363256,0.996399999,-0.247499987,0.118460257,0.014032832
NT,4/1/2011,0.407749048,1.085600019,-0.31279999,0.126908047,0.016105652
NT,5/1/2011,0.376235784,0.99879998,-0.278999984,0.113906508,0.012974693
NT,6/1/2011,0.34952834,1.078400016,-0.304199994,0.104971425,0.011019
NT,7/1/2011,0.326149417,1.021099925,-0.296799988,0.097556144,0.009517201
NT,8/1/2011,0.300285038,0.981399953,-0.199999988,0.087197981,0.007603488
NT,9/1/2011,0.27929462,1.069899917,-0.274199992,0.086203814,0.007431098
NT,10/1/2011,0.275606378,1.039099932,-0.262099981,0.107809159,0.011622815
NT,11/1/2011,0.307829821,0.998399973,-0.279300004,0.131689841,0.017342214
NT,12/1/2011,0.336087188,1.099900007,-0.307399988,0.144749895,0.020952532
NT,1/1/2012,0.30609233,1.005699992,-0.280999988,0.128628149,0.016545201
NT,2/1/2012,0.326732665,1.054700017,-0.30429998,0.150855491,0.022757379
NT,3/1/2012,0.367088769,1.051800013,-0.245099992,0.143629451,0.020629419
NT,4/1/2012,0.364222784,1.056900024,-0.32249999,0.143368757,0.0205546
NT,5/1/2012,0.333709707,0.991599977,-0.263599992,0.12704655,0.016140826
NT,6/1/2012,0.309321629,1.094200015,-0.287599981,0.115431969,0.01332454
NT,7/1/2012,0.284419655,1.039099932,-0.305599988,0.103313396,0.010673658
NT,8/1/2012,0.26321648,1.120299935,-0.285899997,0.092373973,0.008532951
NT,9/1/2012,0.250376789,1.02489996,-0.264899999,0.085681129,0.007341256
NT,10/1/2012,0.247141971,0.990499973,-0.283199996,0.092112387,0.008484692
NT,11/1/2012,0.256004777,1.097599983,-0.275599986,0.105566226,0.011144228
NT,12/1/2012,0.283931287,0.998299956,-0.309699982,0.126201426,0.0159268
NT,1/1/2013,0.297872482,0.99879998,-0.199999988,0.142549592,0.020320386
NT,2/1/2013,0.308893555,0.990499973,-0.199999988,0.151838173,0.023054831
NT,3/1/2013,0.32321762,0.987499952,-0.199999988,0.158861186,0.025236876
NT,4/1/2013,0.309663769,0.994999945,-0.199999988,0.150127967,0.022538406
NT,5/1/2013,0.300291912,0.987099946,-0.199999988,0.135029026,0.018232838
NT,6/1/2013,0.286197668,0.991699994,-0.199999988,0.120443631,0.014506668
NT,7/1/2013,0.267221591,0.966600001,-0.199999988,0.105401468,0.011109469
NT,8/1/2013,0.24679611,0.990099967,-0.199999988,0.090577585,0.008204299
NT,9/1/2013,0.234322968,0.979900002,-0.199999988,0.085382236,0.007290126
NT,10/1/2013,0.230233849,0.990699947,-0.199999988,0.093489073,0.008740207
NT,11/1/2013,0.247957254,0.998899996,-0.199999988,0.113903174,0.012973933
NT,12/1/2013,0.283517424,0.995299995,-0.199999988,0.144813323,0.020970898
NT,1/1/2014,0.311955202,0.998599946,-0.199999988,0.152068995,0.023124979
NT,2/1/2014,0.349455639,0.98939997,-0.199999988,0.159372267,0.025399519
NT,3/1/2014,0.368189907,0.994399965,-0.199999988,0.164364424,0.027015664
NT,4/1/2014,0.352399594,0.998099983,-0.199999988,0.146627772,0.021499704
NT,5/1/2014,0.338357817,0.994499981,-0.199999988,0.131517351,0.017296814
NT,6/1/2014,0.311747302,0.988499999,-0.199999988,0.118581998,0.01406169
NT,7/1/2014,0.29098814,0.992699981,-0.199999988,0.106393146,0.011319501
NT,8/1/2014,0.264686033,0.973899961,-0.199999988,0.092538767,0.008563423
NT,9/1/2014,0.246587355,0.992399991,-0.199999988,0.083064955,0.006899787
NT,10/1/2014,0.239892945,0.99059999,-0.199999988,0.084183657,0.007086888
NT,11/1/2014,0.241348207,0.99879998,-0.199999988,0.092131134,0.008488146
NT,12/1/2014,0.28779867,0.908099949,-0.199999988,0.114382933,0.013083455
NT,1/1/2015,0.365690283,0.99939996,-0.199999988,0.152741191,0.023329871
NT,2/1/2015,0.364512844,0.993999958,-0.199999988,0.151567899,0.022972828
NT,3/1/2015,0.343519248,0.99149996,-0.199999988,0.151575464,0.022975121
NT,4/1/2015,0.31503713,0.997399986,-0.199999988,0.1368752,0.01873482
NT,5/1/2015,0.296865019,0.993499994,-0.199999988,0.12334833,0.015214811
NT,6/1/2015,0.288148545,0.992599964,-0.199999988,0.115367628,0.01330969
NT,7/1/2015,0.267821096,0.997799993,-0.199999988,0.102843891,0.010576866
NT,8/1/2015,0.251173028,0.977499962,-0.199999988,0.090462533,0.00818347
NT,9/1/2015,0.235538224,0.986199975,-0.199999988,0.083174708,0.006918032
NT,10/1/2015,0.233949721,0.980999947,-0.199999988,0.086109595,0.007414862
NT,11/1/2015,0.236560598,0.996299982,-0.199999988,0.096744185,0.009359437
NT,12/1/2015,0.286706583,1.043300033,-0.275599986,0.132930575,0.017670538
NT,1/1/2016,0.334462505,1.176699996,-0.311800003,0.150121751,0.02253654
NT,2/1/2016,0.349949661,1.051200032,-0.273999989,0.160666883,0.025813847
NT,3/1/2016,0.351590933,1.034399986,-0.3204,0.15817524,0.025019406
NT,4/1/2016,0.318426457,1.09589994,-0.288899988,0.139916495,0.019576626
NT,5/1/2016,0.314479055,1.122200012,-0.316799998,0.128120975,0.016414984
NT,6/1/2016,0.299287571,0.992199957,-0.299999982,0.135864366,0.018459126
NT,7/1/2016,0.276079986,0.96904999,-0.299999982,0.12411343,0.015404144
NT,8/1/2016,0.265704077,0.992899954,-0.199999988,0.086800551,0.007534336
NT,9/1/2016,0.268111441,0.996599972,-0.199999988,0.09061638,0.008211328
NT,10/1/2016,0.264756425,0.97329998,-0.199999988,0.104457769,0.010911426
NT,11/1/2016,0.265685333,0.996399999,-0.199999988,0.111518773,0.012436437
NT,12/1/2016,0.277193966,0.979900002,-0.199999988,0.095936778,0.009203865
NT,1/1/2017,0.403620988,0.99909997,-0.199999988,0.150241772,0.02257259
NT,2/1/2017,0.39193647,0.992899954,-0.199999988,0.145573889,0.021191757
NT,3/1/2017,0.38649723,0.986000001,-0.199999988,0.160938253,0.025901121
NT,4/1/2017,0.361773749,0.998399973,-0.199999988,0.147536314,0.021766964
NT,5/1/2017,0.340127436,0.992499948,-0.199999988,0.130581789,0.017051604
NT,6/1/2017,0.320578115,0.993699968,-0.199999988,0.116072731,0.013472879
NT,7/1/2017,0.305225493,0.997399986,-0.199999988,0.105356402,0.011099971
NT,8/1/2017,0.280134506,0.991999984,-0.199999988,0.093139611,0.008674987
NT,9/1/2017,0.271163701,0.98999995,-0.199999988,0.088629339,0.00785516
NT,10/1/2017,0.26829783,0.992299974,-0.199999988,0.097653079,0.009536124
NT,11/1/2017,0.285758118,0.99119997,-0.199999988,0.120731813,0.014576171
NT,12/1/2017,0.306819216,0.976099968,-0.199999988,0.145563877,0.021188842
NT,1/1/2018,0.30912545,0.99939996,-0.199999988,0.147226144,0.021675537
NT,2/1/2018,0.355277533,0.997599959,-0.199999988,0.174994704,0.030623146
NT,3/1/2018,0.36048879,0.980099976,-0.199999988,0.170073786,0.028925093
NT,4/1/2018,0.331691618,0.981299996,-0.199999988,0.14945749,0.022337541
NT,5/1/2018,0.303245842,0.992599964,-0.199999988,0.128023429,0.016389998
NT,6/1/2018,0.289348782,0.995399952,-0.199999988,0.117259712,0.01374984
NT,7/1/2018,0.272937577,0.996699989,-0.199999988,0.105652808,0.011162516
NT,8/1/2018,0.255870758,0.998099983,-0.199999988,0.097322908,0.009471748
NT,9/1/2018,0.24416655,0.98089999,-0.199999988,0.087952404,0.007735625
NT,10/1/2018,0.249661742,0.989299953,-0.199999988,0.096147518,0.009244345
NT,11/1/2018,0.267516275,0.99119997,-0.199999988,0.115388418,0.013314487
NT,12/1/2018,0.272988204,0.995599985,-0.199999988,0.133489228,0.017819374
NT,1/1/2019,0.283024028,0.998699963,-0.199999988,0.153763108,0.023643093
NT,2/1/2019,0.295194654,0.996099949,-0.199999988,0.169955871,0.028884998
NT,3/1/2019,0.288626771,0.992299974,-0.199999988,0.159342054,0.02538989
NT,4/1/2019,0.294823903,0.993599951,-0.199999988,0.155837904,0.024285452
NT,5/1/2019,0.284851255,0.996099949,-0.199999988,0.14075114,0.019810883
NT,6/1/2019,0.26891598,0.996699989,-0.199999988,0.124697022,0.015549347
NT,7/1/2019,0.249432812,0.994999945,-0.199999988,0.108991825,0.011879218
NT,8/1/2019,0.234974562,0.997799993,-0.199999988,0.095971129,0.009210458
NT,9/1/2019,0.224268902,0.985099971,-0.199999988,0.085892542,0.007377529
NT,10/1/2019,0.219793818,0.991799951,-0.199999988,0.086056904,0.007405791
NT,11/1/2019,0.223274292,0.995499969,-0.199999988,0.097289167,0.009465182
NT,12/1/2019,0.231603371,0.971099973,-0.199999988,0.111062245,0.012334822
NT,1/1/2020,0.247596558,0.996699989,-0.199999988,0.131175948,0.017207129
NT,2/1/2020,0.308484759,1.193499923,-0.498999983,0.160477791,0.025753122
NT,3/1/2020,0.347694952,1.049899936,-0.419,0.172190336,0.029649512
NT,4/1/2020,0.32254023,0.999300003,-0.199999988,0.157621481,0.024844531
NT,5/1/2020,0.298314334,1.041299939,-0.326999992,0.138008028,0.019046216
NT,6/1/2020,0.280739343,0.987899959,-0.199999988,0.124939031,0.015609762
NT,7/1/2020,0.264257426,0.997599959,-0.199999988,0.109338215,0.011954845
NT,8/1/2020,0.24655694,0.998099983,-0.199999988,0.094976993,0.009020629
NT,9/1/2020,0.238947164,0.985899985,-0.199999988,0.089693943,0.008045003
NT,10/1/2020,0.243616367,0.992599964,-0.199999988,0.100568801,0.010114084
QL,1/1/2005,0.357080666,0.999499977,-0.199999988,0.181694601,0.033012928
QL,2/1/2005,0.350895941,0.991799951,-0.199999988,0.179005503,0.03204297
QL,3/1/2005,0.328327557,0.993499994,-0.199999988,0.173421918,0.030075162
QL,4/1/2005,0.314821247,0.994799972,-0.199999988,0.172020704,0.029591123
QL,5/1/2005,0.318027073,0.995399952,-0.199999988,0.168848515,0.028509821
QL,6/1/2005,0.328244847,0.996799946,-0.199999988,0.167930486,0.028200648
QL,7/1/2005,0.334739396,0.996299982,-0.199999988,0.156359215,0.024448204
QL,8/1/2005,0.314640161,0.995999992,-0.199999988,0.146852796,0.021565744
QL,9/1/2005,0.277164144,0.993200004,-0.199999988,0.134014395,0.017959858
QL,10/1/2005,0.2846091,0.997699976,-0.199999988,0.149295003,0.022288998
QL,11/1/2005,0.288864729,0.998699963,-0.199999988,0.157655501,0.024855257
QL,12/1/2005,0.28379626,0.996799946,-0.199999988,0.153856776,0.023671907
QL,1/1/2006,0.301077609,0.999199986,-0.199999988,0.16962905,0.028774014
QL,2/1/2006,0.340149455,0.990999997,-0.199999988,0.179723782,0.032300638
QL,3/1/2006,0.347046624,0.997999966,-0.199999988,0.173748477,0.030188533
QL,4/1/2006,0.383509438,0.994099975,-0.199999988,0.183960184,0.033841349
QL,5/1/2006,0.380878782,0.985599995,-0.199999988,0.185577621,0.034439053
QL,6/1/2006,0.35870114,0.996999979,-0.199999988,0.171531344,0.029423002
QL,7/1/2006,0.343803401,0.987299979,-0.199999988,0.166115273,0.027594284
QL,8/1/2006,0.308929017,0.984499991,-0.199999988,0.15172223,0.023019635
QL,9/1/2006,0.279291963,0.99149996,-0.199999988,0.141660755,0.020067769
QL,10/1/2006,0.265792224,0.98969996,-0.199999988,0.134805651,0.018172564
QL,11/1/2006,0.262400525,0.999300003,-0.199999988,0.132901678,0.017662856
QL,12/1/2006,0.281915903,0.995199978,-0.199999988,0.141814182,0.020111262
QL,1/1/2007,0.334495201,0.99939996,-0.199999988,0.155638151,0.024223234
QL,2/1/2007,0.371618196,0.994999945,-0.199999988,0.167995425,0.028222463
QL,3/1/2007,0.366860865,0.996899962,-0.199999988,0.181594893,0.032976705
QL,4/1/2007,0.336062142,0.997799993,-0.199999988,0.173002764,0.029929956
QL,5/1/2007,0.328373058,0.996699989,-0.199999988,0.164812274,0.027163086
QL,6/1/2007,0.330483703,0.983999968,-0.199999988,0.166089581,0.027585749
QL,7/1/2007,0.321605054,0.988299966,-0.199999988,0.156304641,0.024431141
QL,8/1/2007,0.318318229,0.998699963,-0.199999988,0.153525602,0.02357011
QL,9/1/2007,0.294396117,0.996199965,-0.199999988,0.146540723,0.021474183
QL,10/1/2007,0.277357025,0.990099967,-0.199999988,0.142772359,0.020383946
QL,11/1/2007,0.287925243,0.99909997,-0.199999988,0.151194361,0.022859735
QL,12/1/2007,0.333362534,0.991999984,-0.199999988,0.159336709,0.025388187
QL,1/1/2008,0.395015782,0.999199986,-0.199999988,0.190655622,0.036349566
QL,2/1/2008,0.406083519,0.995999992,-0.199999988,0.193240142,0.037341752
QL,3/1/2008,0.393592618,0.992799997,-0.199999988,0.193714188,0.037525186
QL,4/1/2008,0.360107341,0.99909997,-0.199999988,0.185789643,0.034517791
QL,5/1/2008,0.341517224,0.988299966,-0.199999988,0.175275593,0.030721533
QL,6/1/2008,0.342570132,0.998099983,-0.199999988,0.172722005,0.029832891
QL,7/1/2008,0.327561343,0.98969996,-0.199999988,0.166659845,0.027775504
QL,8/1/2008,0.308003303,0.997599959,-0.199999988,0.1557942,0.024271833
QL,9/1/2008,0.303104399,0.994199991,-0.199999988,0.153332397,0.023510824
QL,10/1/2008,0.282049589,0.998699963,-0.199999988,0.146419422,0.021438647
QL,11/1/2008,0.291794276,0.99789995,-0.199999988,0.153767558,0.023644462
QL,12/1/2008,0.32235739,1.030300021,-0.241299987,0.167748442,0.02813954
QL,1/1/2009,0.343473956,1.124499917,-0.286199987,0.171769211,0.029504662
QL,2/1/2009,0.413756658,1.092499971,-0.251199991,0.188984532,0.035715153
QL,3/1/2009,0.403029605,1.049899936,-0.280599982,0.187404071,0.035120286
QL,4/1/2009,0.390329855,1.090600014,-0.282599986,0.180454022,0.032563654
QL,5/1/2009,0.372056701,1.0704,-0.334999979,0.175658445,0.030855889
QL,6/1/2009,0.353505633,1.0273,-0.287299991,0.169138794,0.028607932
QL,7/1/2009,0.330654822,1.083599925,-0.324699998,0.16178198,0.026173409
QL,8/1/2009,0.303011158,1.052399993,-0.281299978,0.14825498,0.021979539
QL,9/1/2009,0.272744751,1.063799977,-0.272599995,0.130901769,0.017135273
QL,10/1/2009,0.262824968,1.065799952,-0.283499986,0.12502037,0.015630093
QL,11/1/2009,0.26308436,1.181800008,-0.318399996,0.129212948,0.016695986
QL,12/1/2009,0.301041827,1.081799984,-0.257200003,0.129851187,0.016861331
QL,1/1/2010,0.344404962,1.145499945,-0.313999981,0.157616317,0.024842903
QL,2/1/2010,0.449820991,1.073599935,-0.300399989,0.176526543,0.03116162
QL,3/1/2010,0.466283232,1.137199998,-0.252299994,0.1693425,0.028676882
QL,4/1/2010,0.454940041,1.116299987,-0.256599993,0.169340535,0.028676217
QL,5/1/2010,0.420162937,1.095600009,-0.301499993,0.167688667,0.028119489
QL,6/1/2010,0.389289643,1.042299986,-0.285899997,0.163173037,0.02662544
QL,7/1/2010,0.363938253,1.107499957,-0.265100002,0.158318036,0.0250646
QL,8/1/2010,0.3544866,0.994499981,-0.279899985,0.153724752,0.023631299
QL,9/1/2010,0.373889937,1.126399994,-0.297899991,0.157541506,0.024819326
QL,10/1/2010,0.376850278,1.065500021,-0.275099993,0.159683772,0.025498907
QL,11/1/2010,0.357440486,1.092199922,-0.291700006,0.157989128,0.024960565
QL,12/1/2010,0.435801556,1.037999988,-0.2949,0.169438076,0.028709262
QL,1/1/2011,0.455256333,1.116299987,-0.300399989,0.179766467,0.032315983
QL,2/1/2011,0.451263061,1.06309998,-0.270300001,0.167326525,0.027998166
QL,3/1/2011,0.470487761,1.051900029,-0.266200006,0.158408316,0.025093195
QL,4/1/2011,0.479689757,1.059000015,-0.306699991,0.161741843,0.026160424
QL,5/1/2011,0.434072063,1.061999917,-0.286199987,0.162433125,0.02638452
QL,6/1/2011,0.395114614,1.044700027,-0.268900007,0.157391928,0.024772219
QL,7/1/2011,0.364568453,1.128700018,-0.310399979,0.153734698,0.023634357
QL,8/1/2011,0.340665346,1.004799962,-0.211099997,0.146404859,0.021434383
QL,9/1/2011,0.323670332,1.122499943,-0.312999994,0.139741505,0.019527688
QL,10/1/2011,0.316440718,1.026199937,-0.269400001,0.139985808,0.019596026
QL,11/1/2011,0.31915579,1.075500011,-0.328700006,0.144373636,0.020843747
QL,12/1/2011,0.385689863,1.135900021,-0.270799994,0.159579784,0.025465708
QL,1/1/2012,0.357775578,1.080600023,-0.292899996,0.164260476,0.026981504
QL,2/1/2012,0.440928906,1.048300028,-0.281499982,0.181187553,0.032828929
QL,3/1/2012,0.463882275,1.05369997,-0.266099989,0.164391398,0.027024532
QL,4/1/2012,0.444780377,1.068199992,-0.29459998,0.167073793,0.027913652
QL,5/1/2012,0.411473583,1.046299934,-0.269400001,0.166373756,0.027680227
QL,6/1/2012,0.394160125,1.212800026,-0.314699978,0.165549483,0.027406631
QL,7/1/2012,0.374994662,1.109399915,-0.315400004,0.161304123,0.02601902
QL,8/1/2012,0.343443513,1.126699924,-0.283699989,0.151306287,0.022893592
QL,9/1/2012,0.316393804,1.12409997,-0.282000005,0.139954908,0.019587376
QL,10/1/2012,0.299705388,1.045300007,-0.303900003,0.13576069,0.018430965
QL,11/1/2012,0.300457703,1.10439992,-0.28489998,0.141453583,0.020009116
QL,12/1/2012,0.30723976,1.139400005,-0.328399986,0.140171449,0.019648035
QL,1/1/2013,0.327234621,0.998999953,-0.199999988,0.158350874,0.025074999
QL,2/1/2013,0.359270171,0.990799963,-0.199999988,0.173630813,0.030147659
QL,3/1/2013,0.403120161,0.99119997,-0.199999988,0.199964286,0.039985715
QL,4/1/2013,0.384249798,0.998099983,-0.199999988,0.198921192,0.039569641
QL,5/1/2013,0.370160292,0.991699994,-0.199999988,0.18914941,0.035777499
QL,6/1/2013,0.353803058,0.995499969,-0.199999988,0.180599574,0.032616206
QL,7/1/2013,0.330793003,0.992899954,-0.199999988,0.170339201,0.029015443
QL,8/1/2013,0.30028624,0.985499978,-0.199999988,0.154820055,0.023969249
QL,9/1/2013,0.276436496,0.998699963,-0.199999988,0.140730122,0.019804967
QL,10/1/2013,0.265281412,0.996599972,-0.199999988,0.133125866,0.017722496
QL,11/1/2013,0.287205883,0.999300003,-0.199999988,0.148730464,0.022120751
QL,12/1/2013,0.302491562,0.987199962,-0.199999988,0.160319311,0.025702282
QL,1/1/2014,0.306370063,0.999499977,-0.199999988,0.163254764,0.026652118
QL,2/1/2014,0.358904494,0.995299995,-0.199999988,0.167863836,0.028178268
QL,3/1/2014,0.390346849,0.99879998,-0.199999988,0.168127185,0.02826675
QL,4/1/2014,0.388912631,0.997500002,-0.199999988,0.186028747,0.034606695
QL,5/1/2014,0.361501131,0.991649985,-0.199999988,0.180933165,0.03273681
QL,6/1/2014,0.343630793,0.996899962,-0.199999988,0.176382153,0.031110664
QL,7/1/2014,0.312759472,0.995999992,-0.199999988,0.161257199,0.026003884
QL,8/1/2014,0.295986582,0.992699981,-0.199999988,0.151603312,0.022983564
QL,9/1/2014,0.284172561,0.993200004,-0.199999988,0.143126453,0.020485182
QL,10/1/2014,0.264977105,0.993099988,-0.199999988,0.131522325,0.017298122
QL,11/1/2014,0.26121653,0.998999953,-0.199999988,0.132124892,0.017456987
QL,12/1/2014,0.319684605,0.979999959,-0.199999988,0.157758653,0.024887793
QL,1/1/2015,0.380119122,0.99909997,-0.199999988,0.184855312,0.034171486
QL,2/1/2015,0.365710684,0.992699981,-0.199999988,0.1909525,0.036462857
QL,3/1/2015,0.353910522,0.993900001,-0.199999988,0.19160181,0.036711254
QL,4/1/2015,0.340974997,0.997699976,-0.199999988,0.189214751,0.035802222
QL,5/1/2015,0.332052161,0.997599959,-0.199999988,0.182321727,0.033241212
QL,6/1/2015,0.332006265,0.997500002,-0.199999988,0.179053273,0.032060074
QL,7/1/2015,0.314587667,0.996299982,-0.199999988,0.172154951,0.029637327
QL,8/1/2015,0.29572022,0.986799955,-0.199999988,0.162052127,0.026260892
QL,9/1/2015,0.274468811,0.994899988,-0.199999988,0.148116431,0.021938477
QL,10/1/2015,0.267100427,0.995199978,-0.199999988,0.143978362,0.020729769
QL,11/1/2015,0.272326178,0.99879998,-0.199999988,0.153092902,0.023437437
QL,12/1/2015,0.301425056,1.003999949,-0.217399999,0.159789335,0.025532632
QL,1/1/2016,0.334830739,1.086799979,-0.299299985,0.165470317,0.027380426
QL,2/1/2016,0.375504787,1.056499958,-0.242799997,0.185952396,0.034578294
QL,3/1/2016,0.376542242,1.029199958,-0.281100005,0.184900542,0.03418821
QL,4/1/2016,0.356431259,1.037199974,-0.273499995,0.180229913,0.032482822
QL,5/1/2016,0.345073473,1.149199963,-0.312999994,0.174109798,0.030314222
QL,6/1/2016,0.352812684,0.997299969,-0.299999982,0.190439017,0.036267019
QL,7/1/2016,0.369640287,0.976300001,-0.299999982,0.183635976,0.033722172
QL,8/1/2016,0.380026106,0.992799997,-0.199999988,0.156937028,0.024629231
QL,9/1/2016,0.371786356,0.995199978,-0.199999988,0.147262558,0.021686261
QL,10/1/2016,0.325099471,0.995199978,-0.199999988,0.135204452,0.018280244
QL,11/1/2016,0.300216223,0.996499956,-0.199999988,0.132068581,0.01744211
QL,12/1/2016,0.315034944,0.9824,-0.199999988,0.133214654,0.017746144
QL,1/1/2017,0.38968604,0.998599946,-0.199999988,0.167332677,0.028000225
QL,2/1/2017,0.366136853,0.996999979,-0.199999988,0.16647196,0.027712913
QL,3/1/2017,0.393451161,0.999199986,-0.199999988,0.190890637,0.036439235
QL,4/1/2017,0.387672873,0.998199999,-0.199999988,0.192843431,0.037188589
QL,5/1/2017,0.373380719,0.990499973,-0.199999988,0.185672879,0.034474418
QL,6/1/2017,0.358280546,0.992699981,-0.199999988,0.175510468,0.030803924
QL,7/1/2017,0.335323308,0.996799946,-0.199999988,0.167121011,0.027929432
QL,8/1/2017,0.302242465,0.997299969,-0.199999988,0.150769286,0.022731378
QL,9/1/2017,0.291226124,0.991400003,-0.199999988,0.138135609,0.019081446
QL,10/1/2017,0.316833852,0.998299956,-0.199999988,0.163427058,0.026708403
QL,11/1/2017,0.312184487,0.99789995,-0.199999988,0.161448028,0.026065466
QL,12/1/2017,0.318806978,0.993799984,-0.199999988,0.172828195,0.029869585
QL,1/1/2018,0.313387443,0.997699976,-0.199999988,0.176517412,0.031158397
QL,2/1/2018,0.354986945,0.98969996,-0.199999988,0.195688663,0.038294053
QL,3/1/2018,0.418159552,0.994399965,-0.199999988,0.196441689,0.038589337
QL,4/1/2018,0.393726065,0.998599946,-0.199999988,0.191934754,0.03683895
QL,5/1/2018,0.356756746,0.997199953,-0.199999988,0.183824503,0.033791448
QL,6/1/2018,0.343469401,0.986399949,-0.199999988,0.175699946,0.030870471
QL,7/1/2018,0.322503532,0.988499999,-0.199999988,0.169899678,0.028865901
QL,8/1/2018,0.297822887,0.993099988,-0.199999988,0.155682569,0.024237062
QL,9/1/2018,0.276495281,0.993099988,-0.199999988,0.14145628,0.020009879
QL,10/1/2018,0.285738373,0.989799976,-0.199999988,0.150130645,0.022539211
QL,11/1/2018,0.282877977,0.9903,-0.199999988,0.148013593,0.021908024
QL,12/1/2018,0.296300642,0.993499994,-0.199999988,0.161512971,0.02608644
QL,1/1/2019,0.291847578,0.997399986,-0.199999988,0.165422468,0.027364593
QL,2/1/2019,0.331532511,0.994399965,-0.199999988,0.178493526,0.031859939
QL,3/1/2019,0.374122501,0.998999953,-0.199999988,0.182032403,0.033135796
QL,4/1/2019,0.42376613,0.996099949,-0.199999988,0.178505835,0.031864333
QL,5/1/2019,0.413843911,0.992799997,-0.199999988,0.174173245,0.030336319
QL,6/1/2019,0.384830659,0.993299961,-0.199999988,0.17003312,0.028911262
QL,7/1/2019,0.351998322,0.998199999,-0.199999988,0.163777891,0.026823198
QL,8/1/2019,0.314806381,0.994399965,-0.199999988,0.149491374,0.022347671
QL,9/1/2019,0.282840239,0.993900001,-0.199999988,0.133977682,0.017950019
QL,10/1/2019,0.273598758,0.996199965,-0.199999988,0.130923665,0.017141006
QL,11/1/2019,0.26425082,0.994499981,-0.199999988,0.125822888,0.015831399
QL,12/1/2019,0.267915429,0.995700002,-0.199999988,0.132927232,0.017669649
QL,1/1/2020,0.28347556,0.99849999,-0.199999988,0.153289112,0.023497552
QL,2/1/2020,0.404245036,1.115800023,-0.441599995,0.191374229,0.036624095
QL,3/1/2020,0.438996611,1.023199916,-0.398399979,0.193829132,0.037569732
QL,4/1/2020,0.392319357,0.992999971,-0.199999988,0.183296695,0.033597678
QL,5/1/2020,0.367480409,1.091599941,-0.33919999,0.175567578,0.030823975
QL,6/1/2020,0.361961418,0.996099949,-0.199999988,0.179410883,0.032188265
QL,7/1/2020,0.341963638,0.99089998,-0.199999988,0.170076571,0.02892604
QL,8/1/2020,0.319218671,0.991400003,-0.199999988,0.158453587,0.025107539
QL,9/1/2020,0.295108203,0.991299987,-0.199999988,0.142069953,0.020183872
QL,10/1/2020,0.289287605,0.995399952,-0.199999988,0.140747068,0.019809737
SA,1/1/2005,0.179208243,0.963399947,-0.199999988,0.07639274,0.005835851
SA,2/1/2005,0.181116298,0.941100001,-0.199999988,0.080707423,0.006513688
SA,3/1/2005,0.182458534,0.970999956,-0.199999988,0.08100657,0.006562064
SA,4/1/2005,0.184618839,0.970099986,-0.199999988,0.084354876,0.007115745
SA,5/1/2005,0.190951563,0.98179996,-0.199999988,0.09130581,0.008336751
SA,6/1/2005,0.210167141,0.951199949,-0.199999988,0.108554645,0.011784111
SA,7/1/2005,0.233185991,0.990999997,-0.199999988,0.128415852,0.016490631
SA,8/1/2005,0.246649323,0.969999969,-0.199999988,0.164418053,0.027033296
SA,9/1/2005,0.240780669,0.989600003,-0.199999988,0.17445117,0.030433211
SA,10/1/2005,0.211767797,0.939300001,-0.199999988,0.132442657,0.017541057
SA,11/1/2005,0.195466424,0.950999975,-0.199999988,0.103820747,0.010778748
SA,12/1/2005,0.185681795,0.960699975,-0.199999988,0.084058459,0.007065824
SA,1/1/2006,0.183723553,0.983399987,-0.199999988,0.0818602,0.006701092
SA,2/1/2006,0.192265125,0.970099986,-0.199999988,0.0909357,0.008269302
SA,3/1/2006,0.195413383,0.976399958,-0.199999988,0.092694322,0.008592237
SA,4/1/2006,0.214858448,0.980699956,-0.199999988,0.11958457,0.014300469
SA,5/1/2006,0.227939714,0.983399987,-0.199999988,0.142708511,0.020365719
SA,6/1/2006,0.2260708,0.989600003,-0.199999988,0.139657206,0.019504135
SA,7/1/2006,0.242229415,0.983399987,-0.199999988,0.155672273,0.024233857
SA,8/1/2006,0.239664856,0.962899983,-0.199999988,0.155149985,0.024071518
SA,9/1/2006,0.210511879,0.970399976,-0.199999988,0.123508322,0.015254306
SA,10/1/2006,0.183489205,0.957399964,-0.199999988,0.088239184,0.007786154
SA,11/1/2006,0.174746009,0.95419997,-0.199999988,0.072606361,0.005271684
SA,12/1/2006,0.168784891,0.968199968,-0.199999988,0.069690405,0.004856752
SA,1/1/2007,0.177191839,0.980699956,-0.199999988,0.078247029,0.006122598
SA,2/1/2007,0.180301937,0.948699951,-0.199999988,0.076755089,0.005891344
SA,3/1/2007,0.189562393,0.958299994,-0.199999988,0.081790452,0.006689678
SA,4/1/2007,0.210591593,0.984699965,-0.199999988,0.097374982,0.009481887
SA,5/1/2007,0.24578691,0.984200001,-0.199999988,0.136109381,0.018525764
SA,6/1/2007,0.257198858,0.982299984,-0.199999988,0.153561061,0.023580999
SA,7/1/2007,0.25364656,0.987699986,-0.199999988,0.16965232,0.02878191
SA,8/1/2007,0.236273866,0.990699947,-0.199999988,0.1658902,0.027519558
SA,9/1/2007,0.210725432,0.97359997,-0.199999988,0.136068314,0.018514586
SA,10/1/2007,0.187532265,0.962899983,-0.199999988,0.103004341,0.010609894
SA,11/1/2007,0.177043809,0.981099963,-0.199999988,0.083758156,0.007015429
SA,12/1/2007,0.175674846,0.969599962,-0.199999988,0.074686365,0.005578053
SA,1/1/2008,0.173541161,0.990699947,-0.199999988,0.073773589,0.005442542
SA,2/1/2008,0.1733399,0.950599968,-0.199999988,0.073107153,0.005344656
SA,3/1/2008,0.17343634,0.977999985,-0.199999988,0.074333981,0.005525541
SA,4/1/2008,0.180588121,0.978199959,-0.199999988,0.086647277,0.007507751
SA,5/1/2008,0.193615446,0.975600004,-0.199999988,0.111597502,0.012454002
SA,6/1/2008,0.217463825,0.978899956,-0.199999988,0.139005635,0.019322567
SA,7/1/2008,0.230076583,0.977499962,-0.199999988,0.162930086,0.026546213
SA,8/1/2008,0.22658222,0.984699965,-0.199999988,0.173192879,0.029995773
SA,9/1/2008,0.205228441,0.976999998,-0.199999988,0.148697536,0.022110957
SA,10/1/2008,0.176260521,0.953399956,-0.199999988,0.097663964,0.00953825
SA,11/1/2008,0.169172571,0.988299966,-0.199999988,0.076391522,0.005835665
SA,12/1/2008,0.182875638,0.979399979,-0.277500004,0.076662527,0.005877143
SA,1/1/2009,0.174934964,1.097100019,-0.309899986,0.073646251,0.00542377
SA,2/1/2009,0.171357522,1.034999967,-0.278799981,0.072804716,0.005300527
SA,3/1/2009,0.178247253,1.026199937,-0.298099995,0.080898442,0.006544558
SA,4/1/2009,0.186112275,1.109499931,-0.300500005,0.09127637,0.008331376
SA,5/1/2009,0.208474745,1.071799994,-0.298700005,0.126253149,0.015939858
SA,6/1/2009,0.233084923,1.112499952,-0.267800003,0.157756732,0.024887186
SA,7/1/2009,0.246139592,1.064100027,-0.264999986,0.183918343,0.033825957
SA,8/1/2009,0.235144424,1.058399916,-0.2755,0.182655554,0.033363052
SA,9/1/2009,0.217068204,1.076699972,-0.244199991,0.160005118,0.025601638
SA,10/1/2009,0.191106254,1.067600012,-0.31309998,0.113915293,0.012976694
SA,11/1/2009,0.175077615,0.974899948,-0.273399979,0.084626335,0.007161617
SA,12/1/2009,0.183667058,1.014599919,-0.250799984,0.078209983,0.006116801
SA,1/1/2010,0.183730754,0.970099986,-0.2403,0.07837775,0.006143072
SA,2/1/2010,0.192372244,1.003999949,-0.269699991,0.080102828,0.006416463
SA,3/1/2010,0.206782423,1.032299995,-0.267100006,0.087778737,0.007705107
SA,4/1/2010,0.226618695,1.014400005,-0.276199996,0.113883458,0.012969442
SA,5/1/2010,0.242416864,1.02579999,-0.275599986,0.125728366,0.015807622
SA,6/1/2010,0.25885147,0.987699986,-0.300799996,0.140571493,0.019760345
SA,7/1/2010,0.268470626,1.000499964,-0.243999988,0.163716238,0.026803007
SA,8/1/2010,0.27716784,0.975899994,-0.263099998,0.18390284,0.033820255
SA,9/1/2010,0.276609642,0.994599998,-0.244299993,0.170040465,0.02891376
SA,10/1/2010,0.249880576,0.970499992,-0.229299992,0.132277201,0.017497258
SA,11/1/2010,0.221079895,0.981999993,-0.323899984,0.094012384,0.008838328
SA,12/1/2010,0.213936164,1.043200016,-0.2447,0.089840809,0.008071371
SA,1/1/2011,0.210359762,1.024699926,-0.265499979,0.093702525,0.008780163
SA,2/1/2011,0.235984503,0.973999977,-0.246799991,0.096868704,0.009383546
SA,3/1/2011,0.281421511,1.004099965,-0.263999999,0.110615952,0.012235889
SA,4/1/2011,0.288041209,0.985099971,-0.260499984,0.12112012,0.014670084
SA,5/1/2011,0.291403046,1.010800004,-0.257400006,0.128877296,0.016609357
SA,6/1/2011,0.28974865,1.056699991,-0.248699993,0.139382744,0.019427549
SA,7/1/2011,0.292199206,1.084100008,-0.225699991,0.157501308,0.024806662
SA,8/1/2011,0.280430388,0.967199981,-0.199999988,0.169043566,0.028575727
SA,9/1/2011,0.253954942,0.972599983,-0.199999988,0.149561163,0.022368541
SA,10/1/2011,0.220310394,0.976099968,-0.256699979,0.115713818,0.013389688
SA,11/1/2011,0.202019836,0.992499948,-0.281800002,0.093180891,0.008682679
SA,12/1/2011,0.20125675,0.96419996,-0.243199989,0.084114219,0.007075202
SA,1/1/2012,0.198305227,1.089900017,-0.301099986,0.083231312,0.006927451
SA,2/1/2012,0.198564058,0.97329998,-0.244599998,0.083590874,0.006987434
SA,3/1/2012,0.227795628,1.105199933,-0.300699979,0.090603629,0.008209018
SA,4/1/2012,0.235836721,1.101899981,-0.299099982,0.096639232,0.009339141
SA,5/1/2012,0.243822415,1.12349999,-0.296999991,0.119485306,0.014276738
SA,6/1/2012,0.255456115,1.070899963,-0.295699984,0.138704045,0.019238812
SA,7/1/2012,0.262606604,1.051599979,-0.275900006,0.161630438,0.026124398
SA,8/1/2012,0.25422678,1.022199988,-0.310900003,0.171403148,0.029379039
SA,9/1/2012,0.231325981,1.096099973,-0.317200005,0.151327215,0.022899926
SA,10/1/2012,0.200371579,0.962199986,-0.2447,0.105201664,0.01106739
SA,11/1/2012,0.184197436,0.997099996,-0.253399998,0.080978148,0.00655746
SA,12/1/2012,0.177057865,1.031000018,-0.241299987,0.072740986,0.005291251
SA,1/1/2013,0.172799314,0.972000003,-0.199999988,0.070095185,0.004913335
SA,2/1/2013,0.177376228,0.970499992,-0.199999988,0.072313195,0.005229198
SA,3/1/2013,0.186273253,0.973999977,-0.199999988,0.078678932,0.006190374
SA,4/1/2013,0.196611813,0.97179997,-0.199999988,0.089232159,0.007962378
SA,5/1/2013,0.223193608,0.989199996,-0.199999988,0.122696464,0.015054422
SA,6/1/2013,0.261996311,0.992699981,-0.199999988,0.160173011,0.025655394
SA,7/1/2013,0.29026033,0.988899946,-0.199999988,0.186467072,0.034769969
SA,8/1/2013,0.27536196,0.98089999,-0.199999988,0.190988487,0.036476602
SA,9/1/2013,0.235578359,0.984699965,-0.199999988,0.159928639,0.02557717
SA,10/1/2013,0.199716205,0.964899957,-0.199999988,0.117591079,0.013827662
SA,11/1/2013,0.187872118,0.966600001,-0.199999988,0.1001669,0.010033408
SA,12/1/2013,0.179940192,0.957399964,-0.199999988,0.08109838,0.006576947
SA,1/1/2014,0.181064214,0.967199981,-0.199999988,0.077672537,0.006033023
SA,2/1/2014,0.186803066,0.972599983,-0.199999988,0.081849266,0.006699302
SA,3/1/2014,0.200099507,0.983599961,-0.199999988,0.09262841,0.008580022
SA,4/1/2014,0.23664628,0.982899964,-0.199999988,0.11562599,0.013369369
SA,5/1/2014,0.286204336,0.983099997,-0.199999988,0.149543207,0.022363171
SA,6/1/2014,0.294846765,0.984899998,-0.199999988,0.174785162,0.030549853
SA,7/1/2014,0.284063324,0.992199957,-0.199999988,0.187811046,0.035272989
SA,8/1/2014,0.257172078,0.977999985,-0.199999988,0.17721292,0.031404419
SA,9/1/2014,0.226142875,0.977499962,-0.199999988,0.144267406,0.020813084
SA,10/1/2014,0.192954995,0.968199968,-0.199999988,0.095270188,0.009076409
SA,11/1/2014,0.180119486,0.9921,-0.199999988,0.078884454,0.006222757
SA,12/1/2014,0.176943581,0.933299959,-0.199999988,0.075504503,0.00570093
SA,1/1/2015,0.190778551,0.998599946,-0.199999988,0.081569992,0.006653664
SA,2/1/2015,0.192299048,0.962199986,-0.199999988,0.078380426,0.006143491
SA,3/1/2015,0.19146294,0.977199972,-0.199999988,0.081600355,0.006658618
SA,4/1/2015,0.203788953,0.9824,-0.199999988,0.101585273,0.010319568
SA,5/1/2015,0.229848918,0.985399961,-0.199999988,0.134717713,0.018148862
SA,6/1/2015,0.260558521,0.981399953,-0.199999988,0.159094868,0.025311177
SA,7/1/2015,0.26924004,0.986999989,-0.199999988,0.179172365,0.032102736
SA,8/1/2015,0.260784898,0.988199949,-0.199999988,0.18959801,0.035947406
SA,9/1/2015,0.229689763,0.978899956,-0.199999988,0.159031444,0.025291
SA,10/1/2015,0.188876158,0.918299973,-0.199999988,0.094236158,0.008880453
SA,11/1/2015,0.177123737,0.985799968,-0.199999988,0.083621625,0.006992576
SA,12/1/2015,0.1771948,0.974299967,-0.230199993,0.07607045,0.005786713
SA,1/1/2016,0.185856441,0.972199976,-0.231199995,0.076361819,0.005831127
SA,2/1/2016,0.18787362,0.959099948,-0.230399996,0.08285191,0.006864439
SA,3/1/2016,0.205692779,1.031000018,-0.24589999,0.092088757,0.008480339
SA,4/1/2016,0.211222444,1.0625,-0.264799982,0.099605868,0.009921329
SA,5/1/2016,0.240196251,1.100299954,-0.264799982,0.118464673,0.014033879
SA,6/1/2016,0.284702289,0.992199957,-0.299999982,0.158761805,0.025205311
SA,7/1/2016,0.295745825,0.953999996,-0.299999982,0.185505166,0.034412166
SA,8/1/2016,0.292474305,0.983099997,-0.199999988,0.181644998,0.032994905
SA,9/1/2016,0.272307807,0.972599983,-0.199999988,0.171345452,0.029359264
SA,10/1/2016,0.231530758,0.968199968,-0.199999988,0.134407141,0.01806528
SA,11/1/2016,0.206358428,0.996399999,-0.199999988,0.105027524,0.011030781
SA,12/1/2016,0.201999172,0.977999985,-0.199999988,0.082542885,0.006813328
SA,1/1/2017,0.225779018,0.975299954,-0.199999988,0.09063294,0.00821433
SA,2/1/2017,0.232665282,0.968699992,-0.199999988,0.098934301,0.009787996
SA,3/1/2017,0.220162802,0.984099984,-0.199999988,0.097693368,0.009543994
SA,4/1/2017,0.236456469,0.989499986,-0.199999988,0.113998777,0.012995721
SA,5/1/2017,0.257359854,0.969199955,-0.199999988,0.132944769,0.017674312
SA,6/1/2017,0.260305268,0.986000001,-0.199999988,0.141664471,0.020068822
SA,7/1/2017,0.259805529,0.961199999,-0.199999988,0.156790413,0.024583233
SA,8/1/2017,0.252553495,0.990499973,-0.199999988,0.169726734,0.028807164
SA,9/1/2017,0.238688059,0.987499952,-0.199999988,0.159837108,0.025547901
SA,10/1/2017,0.216125851,0.968999982,-0.199999988,0.117788859,0.013874215
SA,11/1/2017,0.202921695,0.981299996,-0.199999988,0.093594945,0.008760014
SA,12/1/2017,0.196888479,0.972899973,-0.199999988,0.086918801,0.007554878
SA,1/1/2018,0.195040129,0.969699979,-0.199999988,0.085027335,0.007229648
SA,2/1/2018,0.200948788,0.953399956,-0.199999988,0.08684329,0.007541757
SA,3/1/2018,0.199365557,0.953399956,-0.199999988,0.087146259,0.007594471
SA,4/1/2018,0.206083744,0.970099986,-0.199999988,0.097028034,0.009414439
SA,5/1/2018,0.221058762,0.9824,-0.199999988,0.11681771,0.013646377
SA,6/1/2018,0.239611324,0.994999945,-0.199999988,0.14428781,0.020818972
SA,7/1/2018,0.243553645,0.991799951,-0.199999988,0.160186149,0.025659602
SA,8/1/2018,0.242468053,0.988099992,-0.199999988,0.175234882,0.030707264
SA,9/1/2018,0.221107043,0.988399982,-0.199999988,0.152449845,0.023240955
SA,10/1/2018,0.195053226,0.970999956,-0.199999988,0.111582093,0.012450564
SA,11/1/2018,0.153144147,0.520999968,-0.195899993,0.048310849,0.002333938
SA,12/1/2018,0.181150642,0.970099986,-0.199999988,0.083076871,0.006901766
SA,1/1/2019,0.176865334,0.981399953,-0.199999988,0.078292303,0.006129685
SA,2/1/2019,0.175646403,0.98029995,-0.199999988,0.076202381,0.005806803
SA,3/1/2019,0.181267239,0.983099997,-0.199999988,0.081304669,0.006610449
SA,4/1/2019,0.190403003,0.96389997,-0.199999988,0.09093,0.008268265
SA,5/1/2019,0.211878658,0.985399961,-0.199999988,0.120348329,0.01448372
SA,6/1/2019,0.234772501,0.985099971,-0.199999988,0.158190016,0.025024081
SA,7/1/2019,0.243038899,0.991799951,-0.199999988,0.186233829,0.034683039
SA,8/1/2019,0.235843043,0.988999963,-0.199999988,0.18900714,0.035723699
SA,9/1/2019,0.214855898,0.9824,-0.199999988,0.160035472,0.025611352
SA,10/1/2019,0.180357356,0.979999959,-0.199999988,0.099062473,0.009813374
SA,11/1/2019,0.174415683,0.983899951,-0.199999988,0.09063119,0.008214013
SA,12/1/2019,0.169171118,0.9375,-0.199999988,0.072884867,0.005312204
SA,1/1/2020,0.167590344,0.975899994,-0.199999988,0.068855074,0.004741021
SA,2/1/2020,0.178325092,0.997500002,-0.492199987,0.077329211,0.005979807
SA,3/1/2020,0.186198092,1.0546,-0.326499999,0.081995009,0.006723181
SA,4/1/2020,0.201685246,0.980099976,-0.199999988,0.098476157,0.009697554
SA,5/1/2020,0.216131328,1.164999962,-0.340599984,0.127084842,0.016150557
SA,6/1/2020,0.228936868,0.982299984,-0.199999988,0.1529732,0.0234008
SA,7/1/2020,0.236502341,0.988899946,-0.199999988,0.173296415,0.030031647
SA,8/1/2020,0.237916341,0.970499992,-0.1998,0.180032768,0.032411797
SA,9/1/2020,0.229435163,0.972199976,-0.199999988,0.157883395,0.024927166
SA,10/1/2020,0.243616367,0.992599964,-0.199999988,0.100568801,0.010114084
TA,1/1/2005,0.638585396,0.991999984,-0.199999988,0.169840138,0.028845672
TA,2/1/2005,0.649911063,0.994899988,-0.199999988,0.165062958,0.02724578
TA,3/1/2005,0.667527783,0.974399984,-0.199999988,0.171032212,0.029252018
TA,4/1/2005,0.640516855,0.98939997,-0.199999988,0.161046653,0.025936024
TA,5/1/2005,0.691200907,0.993699968,-0.199999988,0.157833076,0.02491128
TA,6/1/2005,0.697632231,0.994999945,-0.199999988,0.145911001,0.02129002
TA,7/1/2005,0.627597996,0.987899959,-0.199999988,0.182014319,0.033129212
TA,8/1/2005,0.684110186,0.991699994,-0.199999988,0.151155597,0.022848015
TA,9/1/2005,0.669122556,0.985499978,-0.199999988,0.146852706,0.021565717
TA,10/1/2005,0.704260165,0.975899994,-0.199999988,0.145837957,0.02126871
TA,11/1/2005,0.70503922,0.98939997,-0.199999988,0.143576338,0.020614165
TA,12/1/2005,0.657022062,0.986999989,-0.199999988,0.190833194,0.036417308
TA,1/1/2006,0.642587282,0.996499956,-0.199999988,0.20412432,0.041666738
TA,2/1/2006,0.627253074,0.987499952,-0.199999988,0.20733977,0.04298978
TA,3/1/2006,0.64870984,0.982899964,-0.199999988,0.211260518,0.044631007
TA,4/1/2006,0.612109307,0.990799963,-0.199999988,0.207998972,0.043263572
TA,5/1/2006,0.689265519,0.982899964,-0.199999988,0.19981242,0.039925003
TA,6/1/2006,0.629689963,0.997599959,-0.199999988,0.214535477,0.046025471
TA,7/1/2006,0.678478435,0.990999997,-0.199999988,0.196312166,0.038538466
TA,8/1/2006,0.667770292,0.987499952,-0.199999988,0.194952088,0.038006317
TA,9/1/2006,0.639628153,0.972599983,-0.199999988,0.194030771,0.03764794
TA,10/1/2006,0.626144891,0.992699981,-0.199999988,0.165370225,0.027347311
TA,11/1/2006,0.621294054,0.998099983,-0.199999988,0.176065169,0.030998944
TA,12/1/2006,0.59609382,0.976399958,-0.199999988,0.203030667,0.041221452
TA,1/1/2007,0.605806534,0.995700002,-0.199999988,0.202029765,0.040816026
TA,2/1/2007,0.6163601,0.98029995,-0.199999988,0.203897336,0.041574124
TA,3/1/2007,0.637232117,0.98089999,-0.199999988,0.198875585,0.039551498
TA,4/1/2007,0.655398529,0.989099979,-0.199999988,0.189135833,0.035772363
TA,5/1/2007,0.685551783,0.979499996,-0.199999988,0.184223829,0.033938419
TA,6/1/2007,0.689548399,0.996599972,-0.199999988,0.188929432,0.03569433
TA,7/1/2007,0.640037419,0.9921,-0.199999988,0.191235344,0.036570957
TA,8/1/2007,0.683324652,0.986399949,-0.199999988,0.172064277,0.029606115
TA,9/1/2007,0.630971242,0.983699977,-0.199999988,0.175617386,0.030841466
TA,10/1/2007,0.653220579,0.987499952,-0.199999988,0.18141693,0.032912102
TA,11/1/2007,0.635715517,0.998599946,-0.199999988,0.186919571,0.034938926
TA,12/1/2007,0.615951841,0.972199976,-0.199999988,0.200734292,0.040294256
TA,1/1/2008,0.603770515,0.994999945,-0.199999988,0.202987385,0.041203879
TA,2/1/2008,0.618461844,0.984399974,-0.199999988,0.205308254,0.042151479
TA,3/1/2008,0.633754868,0.992299974,-0.199999988,0.194386514,0.037786117
TA,4/1/2008,0.670065386,0.987499952,-0.199999988,0.18394397,0.033835384
TA,5/1/2008,0.683937988,0.985099971,-0.199999988,0.184893024,0.03418543
TA,6/1/2008,0.657381096,0.988699973,-0.199999988,0.187883164,0.035300083
TA,7/1/2008,0.683644596,0.982299984,-0.199999988,0.189517864,0.035917021
TA,8/1/2008,0.643676136,0.989799976,-0.199999988,0.191920552,0.036833498
TA,9/1/2008,0.62896422,0.990399957,-0.199999988,0.183798761,0.033781985
TA,10/1/2008,0.623016081,0.979099989,-0.199999988,0.183719792,0.033752962
TA,11/1/2008,0.639501831,0.986799955,-0.199999988,0.188454949,0.035515268
TA,12/1/2008,0.603977083,0.986499965,-0.199999988,0.183827148,0.03379242
TA,1/1/2009,0.614093709,1.059100032,-0.261500001,0.189463745,0.035896511
TA,2/1/2009,0.606059943,1.037999988,-0.217399999,0.202008286,0.040807347
TA,3/1/2009,0.614657356,0.979499996,-0.227499992,0.18122732,0.032843341
TA,4/1/2009,0.696011127,0.992299974,-0.223999992,0.17949955,0.032220088
TA,5/1/2009,0.692688632,1.059800029,-0.255349994,0.178789724,0.031965765
TA,6/1/2009,0.711278388,1.034799933,-0.234299988,0.181906419,0.033089945
TA,7/1/2009,0.631293665,0.997199953,-0.233799994,0.196954162,0.038790942
TA,8/1/2009,0.672230775,0.979499996,-0.246549994,0.183721277,0.033753508
TA,9/1/2009,0.631265024,1.131899953,-0.267399997,0.189844369,0.036040884
TA,10/1/2009,0.675588452,0.985499978,-0.215749994,0.171186453,0.029304802
TA,11/1/2009,0.660848785,1.058099985,-0.306499988,0.177074458,0.031355364
TA,12/1/2009,0.649930896,0.974599957,-0.199999988,0.18120025,0.032833531
TA,1/1/2010,0.632102276,1.050099969,-0.280499995,0.198239442,0.039298876
TA,2/1/2010,0.643664433,0.977199972,-0.253800005,0.191639476,0.036725689
TA,3/1/2010,0.682801338,0.983699977,-0.259499997,0.180322649,0.032516258
TA,4/1/2010,0.673783406,0.987099946,-0.268399984,0.181298785,0.03286925
TA,5/1/2010,0.712292546,1.086499929,-0.316599995,0.176489556,0.031148563
TA,6/1/2010,0.715241731,0.994999945,-0.297499985,0.18651396,0.034787457
TA,7/1/2010,0.699665687,1.049600005,-0.280599982,0.18006945,0.032425007
TA,8/1/2010,0.646361277,0.997500002,-0.259599984,0.194472154,0.037819419
TA,9/1/2010,0.590846107,0.984999955,-0.233199999,0.182529286,0.03331694
TA,10/1/2010,0.667294147,0.995899975,-0.209099993,0.173671799,0.030161894
TA,11/1/2010,0.667988478,1.047600031,-0.274899989,0.181189352,0.032829581
TA,12/1/2010,0.635516435,1.020799994,-0.236099988,0.183005452,0.033490995
TA,1/1/2011,0.63915155,1.043900013,-0.283299983,0.184726586,0.034123912
TA,2/1/2011,0.66008106,1.042699933,-0.264099985,0.190987686,0.036476296
TA,3/1/2011,0.670497653,1.064299941,-0.301099986,0.189786433,0.03601889
TA,4/1/2011,0.713299472,1.020149946,-0.285999984,0.184476542,0.034031595
TA,5/1/2011,0.702295521,1.122599959,-0.282000005,0.191333682,0.036608578
TA,6/1/2011,0.681363747,1.09860003,-0.298399985,0.207024968,0.042859337
TA,7/1/2011,0.666383291,1.027599931,-0.299400002,0.204356578,0.041761611
TA,8/1/2011,0.700433694,1.055899978,-0.248899996,0.187767913,0.035256789
TA,9/1/2011,0.68119276,1.025099993,-0.259799987,0.175321293,0.030737556
TA,10/1/2011,0.679129356,1.018999934,-0.259000003,0.18988697,0.036057062
TA,11/1/2011,0.676323883,1.082700014,-0.307899982,0.179692689,0.032289462
TA,12/1/2011,0.650716248,0.975899994,-0.245199993,0.18795911,0.035328627
TA,1/1/2012,0.650729906,0.996099949,-0.272899985,0.187842715,0.035284885
TA,2/1/2012,0.650790243,0.994299948,-0.233849987,0.197452494,0.038987487
TA,3/1/2012,0.680992184,0.992799997,-0.247149989,0.18426255,0.033952687
TA,4/1/2012,0.673817989,1.049499989,-0.291799992,0.184497848,0.034039456
TA,5/1/2012,0.690425442,0.999199986,-0.23709999,0.188974764,0.035711461
TA,6/1/2012,0.691683215,1.021449924,-0.27094999,0.199115509,0.039646986
TA,7/1/2012,0.671691277,0.997299969,-0.231999993,0.198333371,0.039336126
TA,8/1/2012,0.682097804,1.075500011,-0.238699988,0.178673837,0.03192434
TA,9/1/2012,0.669421921,0.988199949,-0.235599995,0.177610511,0.031545494
TA,10/1/2012,0.669363039,0.97359997,-0.231899992,0.176985996,0.031324043
TA,11/1/2012,0.667693131,1.014199972,-0.290699989,0.169870456,0.028855972
TA,12/1/2012,0.635129678,0.98299998,-0.199999988,0.188578589,0.035561884
TA,1/1/2013,0.619958117,0.990399957,-0.199999988,0.20599192,0.042432671
TA,2/1/2013,0.62239437,0.970499992,-0.199999988,0.204378849,0.041770714
TA,3/1/2013,0.653267601,0.987699986,-0.199999988,0.194377191,0.037782492
TA,4/1/2013,0.694416801,0.998399973,-0.199999988,0.186255146,0.034690979
TA,5/1/2013,0.707438421,0.992999971,-0.199999988,0.192316987,0.036985823
TA,6/1/2013,0.68983599,0.998599946,-0.199999988,0.20448283,0.041813228
TA,7/1/2013,0.678656922,0.981399953,-0.199999988,0.191199693,0.036557323
TA,8/1/2013,0.669655461,0.986000001,-0.199999988,0.183723211,0.033754218
TA,9/1/2013,0.593402644,0.981899977,-0.199999988,0.190940667,0.036458338
TA,10/1/2013,0.66240556,0.98179996,-0.199999988,0.171980989,0.029577461
TA,11/1/2013,0.692348426,0.990999997,-0.199999988,0.157358796,0.024761791
TA,12/1/2013,0.656414087,0.975600004,-0.199999988,0.183934054,0.033831736
TA,1/1/2014,0.654817613,0.994699955,-0.199999988,0.188929809,0.035694473
TA,2/1/2014,0.6423852,0.974299967,-0.199999988,0.200017749,0.0400071
TA,3/1/2014,0.658628442,0.988499999,-0.199999988,0.191095812,0.036517609
TA,4/1/2014,0.706346367,0.998399973,-0.199999988,0.178908002,0.032008073
TA,5/1/2014,0.701031952,0.997299969,-0.199999988,0.18336945,0.033624355
TA,6/1/2014,0.697246209,0.996799946,-0.199999988,0.194833244,0.037959993
TA,7/1/2014,0.646387132,0.987800002,-0.199999988,0.19710636,0.038850917
TA,8/1/2014,0.706105672,0.986999989,-0.199999988,0.172508125,0.029759053
TA,9/1/2014,0.67143637,0.986399949,-0.199999988,0.177681493,0.031570713
TA,10/1/2014,0.664787237,0.986000001,-0.199999988,0.17374576,0.030187589
TA,11/1/2014,0.647578101,0.996899962,-0.199999988,0.187946406,0.035323852
TA,12/1/2014,0.656280714,0.983500004,-0.199999988,0.16582103,0.027496614
TA,1/1/2015,0.630994261,0.99849999,-0.199999988,0.205404558,0.042191033
TA,2/1/2015,0.644466331,0.985799968,-0.199999988,0.196021332,0.038424362
TA,3/1/2015,0.63947916,0.986000001,-0.199999988,0.190072017,0.036127372
TA,4/1/2015,0.689507445,0.996499956,-0.199999988,0.190941004,0.036458467
TA,5/1/2015,0.652027895,0.993099988,-0.199999988,0.208981607,0.043673312
TA,6/1/2015,0.698419077,0.997099996,-0.199999988,0.202128149,0.040855789
TA,7/1/2015,0.666779597,0.991849959,-0.199999988,0.203953462,0.041597014
TA,8/1/2015,0.687337212,0.993900001,-0.199999988,0.191817023,0.03679377
TA,9/1/2015,0.687461133,0.979699969,-0.199999988,0.17521136,0.030699021
TA,10/1/2015,0.659786185,0.984799981,-0.199999988,0.182702806,0.033380315
TA,11/1/2015,0.548828462,0.99909997,-0.199999988,0.222544568,0.049526085
TA,12/1/2015,0.610486157,0.998899996,-0.225599989,0.206036915,0.04245121
TA,1/1/2016,0.596530848,1.062399983,-0.268700004,0.220584469,0.048657508
TA,2/1/2016,0.626063563,1.043799996,-0.247099996,0.20164859,0.040662154
TA,3/1/2016,0.685395024,1.011999965,-0.231249988,0.180751801,0.032671213
TA,4/1/2016,0.690669647,1.076699972,-0.265499979,0.188692569,0.035604886
TA,5/1/2016,0.67461552,1.019199967,-0.303299993,0.192690672,0.037129695
TA,6/1/2016,0.56144093,0.994799972,-0.299999982,0.360774273,0.130158076
TA,7/1/2016,0.559285071,0.986499965,-0.299999982,0.367722523,0.135219854
TA,8/1/2016,0.67350359,0.991699994,-0.199999988,0.184557699,0.034061544
TA,9/1/2016,0.650712807,0.988399982,-0.199999988,0.184257831,0.033950948
TA,10/1/2016,0.640198533,0.993799984,-0.199999988,0.19048673,0.036285194
TA,11/1/2016,0.666795718,0.998999953,-0.199999988,0.193885395,0.037591547
TA,12/1/2016,0.657662135,0.966099977,-0.199999988,0.191166454,0.036544613
TA,1/1/2017,0.664365328,0.99849999,-0.199999988,0.191062047,0.036504706
TA,2/1/2017,0.657130365,0.988999963,-0.199999988,0.196438203,0.038587967
TA,3/1/2017,0.67723023,0.992799997,-0.199999988,0.190896456,0.036441457
TA,4/1/2017,0.694167299,0.995199978,-0.199999988,0.161143452,0.025967212
TA,5/1/2017,0.710665076,0.995199978,-0.199999988,0.171448557,0.029394608
TA,6/1/2017,0.690247335,0.997399986,-0.199999988,0.182255554,0.033217087
TA,7/1/2017,0.716917852,0.996799946,-0.199999988,0.169456171,0.028715394
TA,8/1/2017,0.673707739,0.995799959,-0.199999988,0.175570252,0.030824913
TA,9/1/2017,0.666748139,0.975899994,-0.199999988,0.15394555,0.023699232
TA,10/1/2017,0.701536661,0.976999998,-0.199999988,0.149004129,0.022202231
TA,11/1/2017,0.684098823,0.986599982,-0.199999988,0.154587638,0.023897338
TA,12/1/2017,0.654592545,0.984299958,-0.199999988,0.154911233,0.02399749
TA,1/1/2018,0.654696846,0.994499981,-0.199999988,0.170029675,0.02891009
TA,2/1/2018,0.662805773,0.993399978,-0.199999988,0.169273925,0.028653662
TA,3/1/2018,0.680485423,0.992899954,-0.199999988,0.150173498,0.022552079
TA,4/1/2018,0.726802805,0.969199955,-0.199999988,0.147155081,0.021654618
TA,5/1/2018,0.743358353,0.998399973,-0.199999988,0.153677353,0.023616729
TA,6/1/2018,0.757760539,0.997099996,-0.199999988,0.158004343,0.024965372
TA,7/1/2018,0.686537193,0.993499994,-0.199999988,0.18170816,0.033017855
TA,8/1/2018,0.694217562,0.991999984,-0.199999988,0.164742206,0.027139994
TA,9/1/2018,0.710552357,0.985899985,-0.199999988,0.138387751,0.01915117
TA,10/1/2018,0.649821527,0.995199978,-0.199999988,0.15386475,0.023674361
TA,11/1/2018,0.700038364,0.995599985,-0.199999988,0.151187126,0.022857547
TA,12/1/2018,0.688346999,0.993399978,-0.199999988,0.156202742,0.024399297
TA,1/1/2019,0.661628464,0.994099975,-0.199999988,0.171312196,0.029347869
TA,2/1/2019,0.643853067,0.988499999,-0.199999988,0.179301563,0.03214905
TA,3/1/2019,0.678421209,0.982299984,-0.199999988,0.176130241,0.031021862
TA,4/1/2019,0.711748761,0.995099962,-0.199999988,0.163995324,0.026894466
TA,5/1/2019,0.6877961,0.994499981,-0.199999988,0.186052149,0.034615402
TA,6/1/2019,0.748779,0.996999979,-0.199999988,0.158968569,0.025271006
TA,7/1/2019,0.615451791,0.995399952,-0.199999988,0.217530187,0.047319382
TA,8/1/2019,0.692312155,0.993499994,-0.199999988,0.161558585,0.026101176
TA,9/1/2019,0.700504327,0.984399974,-0.199999988,0.151004526,0.022802367
TA,10/1/2019,0.587223189,0.990499973,-0.199999988,0.211677797,0.04480749
TA,11/1/2019,0.63238196,0.995199978,-0.199999988,0.167784942,0.028151787
TA,12/1/2019,0.614440094,0.993900001,-0.199999988,0.167151903,0.027939759
TA,1/1/2020,0.627106857,0.99089998,-0.199999988,0.186467886,0.034770272
TA,2/1/2020,0.653211807,1.222199917,-0.588199973,0.175997471,0.03097511
TA,3/1/2020,0.682185607,0.993099988,-0.383100003,0.153556887,0.023579718
TA,4/1/2020,0.707058548,0.995799959,-0.199999988,0.161120237,0.025959731
TA,5/1/2020,0.741148299,1.10589993,-0.509499967,0.155134999,0.024066868
TA,6/1/2020,0.737917849,0.994099975,-0.199999988,0.157470928,0.024797093
TA,7/1/2020,0.756097098,0.99789995,-0.199999988,0.143202568,0.020506976
TA,8/1/2020,0.695725277,0.988199949,-0.199999988,0.147358756,0.021714603
TA,9/1/2020,0.707998617,0.984399974,-0.199399993,0.13651776,0.018637099
TA,10/1/2020,0.715091979,0.996199965,-0.199999988,0.142756579,0.020379441
VI,1/1/2005,0.430316621,0.99119997,-0.199999988,0.203939458,0.041591302
VI,2/1/2005,0.48772752,0.937699974,-0.199999988,0.203805666,0.041536749
VI,3/1/2005,0.485090045,0.977999985,-0.199999988,0.212392062,0.045110388
VI,4/1/2005,0.477024263,0.972199976,-0.199999988,0.215174398,0.046300021
VI,5/1/2005,0.469802706,0.966600001,-0.199999988,0.214799644,0.046138887
VI,6/1/2005,0.536683968,0.992999971,-0.199999988,0.201809963,0.040727261
VI,7/1/2005,0.587304896,0.959549963,-0.199999988,0.180289673,0.032504366
VI,8/1/2005,0.65148935,0.974599957,-0.199999988,0.148558031,0.022069489
VI,9/1/2005,0.678558496,0.970200002,-0.199999988,0.155456602,0.024166755
VI,10/1/2005,0.626939642,0.981399953,-0.199999988,0.176341901,0.031096466
VI,11/1/2005,0.535306417,0.998899996,-0.199999988,0.202489226,0.041001887
VI,12/1/2005,0.448125189,0.973999977,-0.199999988,0.212085781,0.044980378
VI,1/1/2006,0.405701415,0.984299958,-0.199999988,0.207677312,0.043129866
VI,2/1/2006,0.41372857,0.973999977,-0.199999988,0.213351317,0.045518784
VI,3/1/2006,0.420133915,0.972599983,-0.199999988,0.214820509,0.046147851
VI,4/1/2006,0.477361887,0.975899994,-0.199999988,0.216969963,0.047075965
VI,5/1/2006,0.562324186,0.977400005,-0.199999988,0.21432171,0.045933795
VI,6/1/2006,0.566638613,0.972199976,-0.199999988,0.210999478,0.04452078
VI,7/1/2006,0.604091974,0.964599967,-0.199999988,0.189765669,0.036011009
VI,8/1/2006,0.61703466,0.966099977,-0.199999988,0.182492192,0.0333034
VI,9/1/2006,0.573870754,0.957399964,-0.199999988,0.193266192,0.037351821
VI,10/1/2006,0.455667469,0.98149997,-0.199999988,0.198305158,0.039324936
VI,11/1/2006,0.396549092,0.979699969,-0.199999988,0.196621807,0.038660135
VI,12/1/2006,0.362485651,0.961499989,-0.199999988,0.184202992,0.033930742
VI,1/1/2007,0.362567185,0.980599999,-0.199999988,0.182859588,0.033437629
VI,2/1/2007,0.373475777,0.944399953,-0.199999988,0.18395464,0.03383931
VI,3/1/2007,0.395518722,0.972199976,-0.199999988,0.193112289,0.037292356
VI,4/1/2007,0.43164598,0.989199996,-0.199999988,0.200097141,0.040038866
VI,5/1/2007,0.552919119,0.963799953,-0.199999988,0.187492754,0.035153533
VI,6/1/2007,0.623738878,0.987699986,-0.199999988,0.178565353,0.031885585
VI,7/1/2007,0.64612976,0.984999955,-0.199999988,0.165360212,0.027344
VI,8/1/2007,0.662179727,0.98029995,-0.199999988,0.168287313,0.02832062
VI,9/1/2007,0.603457611,0.972899973,-0.199999988,0.18309774,0.033524782
VI,10/1/2007,0.51787647,0.978399992,-0.199999988,0.205751903,0.042333846
VI,11/1/2007,0.460027958,0.989799976,-0.199999988,0.220343655,0.048551326
VI,12/1/2007,0.417034525,0.930999994,-0.199999988,0.210689108,0.0443899
VI,1/1/2008,0.419248079,0.992799997,-0.199999988,0.207529069,0.043068314
VI,2/1/2008,0.428819729,0.933449984,-0.199999988,0.214400711,0.045967665
VI,3/1/2008,0.420016485,0.962199986,-0.199999988,0.217564111,0.047334142
VI,4/1/2008,0.459122968,0.983699977,-0.199999988,0.223051277,0.049751872
VI,5/1/2008,0.514198494,0.969449997,-0.199999988,0.222229346,0.049385882
VI,6/1/2008,0.57528993,0.988599956,-0.199999988,0.206006214,0.04243856
VI,7/1/2008,0.625256536,0.983099997,-0.199999988,0.18164669,0.03299552
VI,8/1/2008,0.637856077,0.967199981,-0.199999988,0.171602516,0.029447423
VI,9/1/2008,0.604159321,0.990699947,-0.199999988,0.185909426,0.034562315
VI,10/1/2008,0.497821163,0.958299994,-0.199999988,0.203044022,0.041226875
VI,11/1/2008,0.439408149,0.996299982,-0.199999988,0.210271658,0.04421417
VI,12/1/2008,0.428676838,0.996299982,-0.199999988,0.212177993,0.045019501
VI,1/1/2009,0.381751572,0.997999966,-0.26639998,0.205125491,0.042076467
VI,2/1/2009,0.377572412,0.991999984,-0.228599995,0.206271216,0.042547815
VI,3/1/2009,0.403873366,1.01699996,-0.225049987,0.206235292,0.042532996
VI,4/1/2009,0.444533775,0.983299971,-0.228099987,0.216126939,0.046710854
VI,5/1/2009,0.51613933,0.971149981,-0.218699992,0.216344207,0.046804816
VI,6/1/2009,0.606807458,0.9921,-0.213949993,0.182796344,0.033414503
VI,7/1/2009,0.653093943,0.993399978,-0.214849994,0.156871297,0.024608604
VI,8/1/2009,0.665986333,0.98939997,-0.215899989,0.167812543,0.02816105
VI,9/1/2009,0.634842138,0.996799946,-0.232799992,0.183580519,0.033701807
VI,10/1/2009,0.548206049,0.969599962,-0.235499993,0.204503341,0.041821616
VI,11/1/2009,0.435595195,1.039199948,-0.2667,0.205966056,0.042422016
VI,12/1/2009,0.431930663,0.949999988,-0.216166675,0.202773693,0.041117171
VI,1/1/2010,0.406245055,1.063599944,-0.274299979,0.203805467,0.041536668
VI,2/1/2010,0.426676387,1.029699922,-0.26789999,0.204946035,0.042002877
VI,3/1/2010,0.498179839,0.966600001,-0.25909999,0.208551721,0.04349382
VI,4/1/2010,0.565261009,1.023849964,-0.2509,0.214028386,0.04580815
VI,5/1/2010,0.588363877,1.021399975,-0.274800003,0.217464394,0.047290763
VI,6/1/2010,0.623431998,0.997799993,-0.304699987,0.184967552,0.034212995
VI,7/1/2010,0.660979016,1.046999931,-0.258399993,0.156884116,0.024612626
VI,8/1/2010,0.666283939,0.984200001,-0.276499987,0.15490968,0.023997009
VI,9/1/2010,0.651941152,1.022199988,-0.22739999,0.157695108,0.024867747
VI,10/1/2010,0.614841173,0.978299975,-0.250750005,0.180763,0.032675262
VI,11/1/2010,0.547017173,0.98999995,-0.284999996,0.200771305,0.040309117
VI,12/1/2010,0.506464585,1.082099915,-0.221199989,0.200747225,0.040299448
VI,1/1/2011,0.519074053,0.99969995,-0.286300004,0.187877419,0.035297925
VI,2/1/2011,0.552942162,0.976099968,-0.2509,0.190295681,0.036212446
VI,3/1/2011,0.569528388,1.039899945,-0.244899988,0.205807702,0.04235681
VI,4/1/2011,0.576310733,0.984699965,-0.260199994,0.210603624,0.044353887
VI,5/1/2011,0.581711777,0.999499977,-0.288399994,0.208458255,0.043454844
VI,6/1/2011,0.602817597,1.006500006,-0.286199987,0.196978145,0.03880039
VI,7/1/2011,0.630005377,1.000699997,-0.271600008,0.170797863,0.02917191
VI,8/1/2011,0.668326525,0.949199975,-0.199999988,0.146711032,0.021524127
VI,9/1/2011,0.648719317,0.986599982,-0.199999988,0.156258088,0.02441659
VI,10/1/2011,0.581446246,1.006299973,-0.277899981,0.194878634,0.037977682
VI,11/1/2011,0.523577912,0.994299948,-0.279199988,0.218877915,0.047907542
VI,12/1/2011,0.462060348,0.994599998,-0.222733319,0.212266618,0.045057117
VI,1/1/2012,0.431448295,0.992399991,-0.282199979,0.213490289,0.045578104
VI,2/1/2012,0.435710683,0.974299967,-0.233099997,0.219306594,0.048095382
VI,3/1/2012,0.522543563,0.97329998,-0.287449986,0.213263388,0.045481273
VI,4/1/2012,0.536501476,0.965049982,-0.230299994,0.213049173,0.04538995
VI,5/1/2012,0.566438464,0.986299992,-0.254099995,0.219324221,0.048103114
VI,6/1/2012,0.597766698,0.99119997,-0.227149993,0.208198978,0.043346815
VI,7/1/2012,0.623562519,0.985899985,-0.220199987,0.179983987,0.032394235
VI,8/1/2012,0.647898549,0.981599987,-0.237399995,0.164399381,0.027027156
VI,9/1/2012,0.646298797,0.989899993,-0.243999988,0.177857479,0.031633283
VI,10/1/2012,0.56682437,0.949999988,-0.226399988,0.197703639,0.039086729
VI,11/1/2012,0.486609595,0.984099984,-0.273699999,0.215437327,0.046413242
VI,12/1/2012,0.427492056,0.958299994,-0.200466663,0.215523454,0.046450359
VI,1/1/2013,0.388729841,0.9921,-0.199999988,0.2112872,0.044642281
VI,2/1/2013,0.391686674,0.945899963,-0.199999988,0.212141277,0.045003921
VI,3/1/2013,0.420658396,0.958299994,-0.199999988,0.219955494,0.048380419
VI,4/1/2013,0.469878168,0.968299985,-0.199999988,0.235285099,0.055359078
VI,5/1/2013,0.518317881,0.972199976,-0.199999988,0.217677102,0.047383321
VI,6/1/2013,0.59477397,0.986999989,-0.199999988,0.199739921,0.039896036
VI,7/1/2013,0.658425899,0.978899956,-0.199999988,0.160197512,0.025663243
VI,8/1/2013,0.683444404,0.968199968,-0.199999988,0.159846931,0.025551041
VI,9/1/2013,0.670420705,0.979299963,-0.199999988,0.17443461,0.030427433
VI,10/1/2013,0.595115133,0.966899991,-0.199999988,0.207891377,0.043218825
VI,11/1/2013,0.525763164,0.998599946,-0.199999988,0.227235599,0.051636017
VI,12/1/2013,0.45081812,0.947299957,-0.199999988,0.224103072,0.050222187
VI,1/1/2014,0.406831289,0.975999951,-0.199999988,0.215024165,0.046235391
VI,2/1/2014,0.402110762,0.956200004,-0.199999988,0.213669615,0.045654705
VI,3/1/2014,0.43524636,0.983599961,-0.199999988,0.219573048,0.048212323
VI,4/1/2014,0.544933363,0.987999976,-0.199999988,0.214901301,0.046182569
VI,5/1/2014,0.620371696,0.981399953,-0.199999988,0.193196435,0.037324863
VI,6/1/2014,0.646867775,0.987599969,-0.199999988,0.170175012,0.028959535
VI,7/1/2014,0.688801962,0.986399949,-0.199999988,0.156728273,0.024563752
VI,8/1/2014,0.67254387,0.982899964,-0.199999988,0.162316014,0.026346488
VI,9/1/2014,0.632025217,0.990399957,-0.199999988,0.183179548,0.033554747
VI,10/1/2014,0.52586651,0.972899973,-0.199999988,0.20660852,0.042687081
VI,11/1/2014,0.446457495,0.978499949,-0.199999988,0.223807482,0.050089789
VI,12/1/2014,0.427298109,0.976099968,-0.199999988,0.223347241,0.04988399
VI,1/1/2015,0.438688958,0.995700002,-0.199999988,0.225802014,0.050986549
VI,2/1/2015,0.441050759,0.96239996,-0.199999988,0.221438105,0.049034834
VI,3/1/2015,0.445680555,0.974099994,-0.199999988,0.221841718,0.049213748
VI,4/1/2015,0.486678282,0.978399992,-0.199999988,0.228529155,0.052225575
VI,5/1/2015,0.560460027,0.992899954,-0.199999988,0.223918911,0.050139679
VI,6/1/2015,0.614287277,0.986699998,-0.199999988,0.200976729,0.040391646
VI,7/1/2015,0.655557758,0.983699977,-0.199999988,0.168648989,0.028442482
VI,8/1/2015,0.673134796,0.98999995,-0.199999988,0.17011595,0.028939436
VI,9/1/2015,0.611122339,0.983299971,-0.199999988,0.195875007,0.038367018
VI,10/1/2015,0.495908011,0.99789995,-0.199999988,0.216689032,0.046954137
VI,11/1/2015,0.440920962,0.996999979,-0.199999988,0.221234821,0.048944846
VI,12/1/2015,0.399988949,0.958299994,-0.199999988,0.216994946,0.047086806
VI,1/1/2016,0.400700625,0.993799984,-0.26879999,0.2224168,0.049469233
VI,2/1/2016,0.419698391,0.995299995,-0.23709999,0.219257147,0.048073697
VI,3/1/2016,0.434210604,0.988799989,-0.233799994,0.224016718,0.05018349
VI,4/1/2016,0.470527549,1.074100018,-0.294799984,0.229432503,0.052639273
VI,5/1/2016,0.559949501,1.055999994,-0.284299999,0.217716644,0.047400537
VI,6/1/2016,0.613304047,0.98209995,-0.299999982,0.233141805,0.054355101
VI,7/1/2016,0.677493324,0.965499997,-0.299999982,0.22775658,0.05187306
VI,8/1/2016,0.716301953,0.996399999,-0.199999988,0.160725508,0.025832689
VI,9/1/2016,0.699231187,0.966600001,-0.199999988,0.165153706,0.027275747
VI,10/1/2016,0.623855349,0.980099976,-0.199999988,0.180317909,0.032514548
VI,11/1/2016,0.552609429,0.982899964,-0.199999988,0.209625749,0.043942955
VI,12/1/2016,0.464723932,0.972599983,-0.199999988,0.211088275,0.04455826
VI,1/1/2017,0.444112021,0.998199999,-0.199999988,0.225564613,0.050879395
VI,2/1/2017,0.45206963,0.98179996,-0.199999988,0.221774538,0.049183946
VI,3/1/2017,0.470708462,0.976999998,-0.199999988,0.219512376,0.048185683
VI,4/1/2017,0.551439778,0.975999951,-0.199999988,0.21710412,0.047134199
VI,5/1/2017,0.631283954,0.989199996,-0.199999988,0.205744333,0.04233073
VI,6/1/2017,0.653218807,0.997500002,-0.199999988,0.179249646,0.032130436
VI,7/1/2017,0.675563442,0.983299971,-0.199999988,0.157874548,0.024924373
VI,8/1/2017,0.698179822,0.983599961,-0.199999988,0.149071615,0.022222346
VI,9/1/2017,0.676389522,0.984699965,-0.199999988,0.154229039,0.023786596
VI,10/1/2017,0.598269633,0.992199957,-0.199999988,0.190794289,0.036402461
VI,11/1/2017,0.499207419,0.990499973,-0.199999988,0.213728309,0.04567979
VI,12/1/2017,0.469651004,0.984099984,-0.199999988,0.205359439,0.042172499
VI,1/1/2018,0.446330422,0.962300003,-0.199999988,0.211162747,0.044589706
VI,2/1/2018,0.440288882,0.980499983,-0.199999988,0.212306201,0.045073923
VI,3/1/2018,0.440276146,0.971399963,-0.199999988,0.214590864,0.046049239
VI,4/1/2018,0.477798411,0.995499969,-0.199999988,0.216983083,0.047081658
VI,5/1/2018,0.533978533,0.987599969,-0.199999988,0.218057204,0.047548944
VI,6/1/2018,0.612049489,0.996699989,-0.199999988,0.202573805,0.041036146
VI,7/1/2018,0.644100433,0.987699986,-0.199999988,0.1698492,0.028848751
VI,8/1/2018,0.66850494,0.990999997,-0.199999988,0.163328949,0.026676346
VI,9/1/2018,0.627610938,0.943649948,-0.199999988,0.189594744,0.035946167
VI,10/1/2018,0.535075677,0.947299957,-0.199999988,0.209187285,0.04375932
VI,11/1/2018,0.52,0.946,-0.199999988,0.2,0.04
VI,12/1/2018,0.444878933,0.985199988,-0.199999988,0.212995449,0.045367061
VI,1/1/2019,0.411477182,0.995599985,-0.199999988,0.207910615,0.043226824
VI,2/1/2019,0.410108341,0.983500004,-0.199999988,0.208721391,0.043564619
VI,3/1/2019,0.424237687,0.990799963,-0.199999988,0.215419065,0.046405373
VI,4/1/2019,0.468099184,0.969599962,-0.199999988,0.223326685,0.049874808
VI,5/1/2019,0.566819042,0.990049958,-0.199999988,0.213133338,0.04542582
VI,6/1/2019,0.658719618,0.988799989,-0.199999988,0.183445861,0.033652384
VI,7/1/2019,0.711610904,0.983999968,-0.199999988,0.162859258,0.026523138
VI,8/1/2019,0.718419517,0.96509999,-0.199999988,0.168401081,0.028358924
VI,9/1/2019,0.677981457,0.981299996,-0.199999988,0.178285092,0.031785574
VI,10/1/2019,0.524382963,0.991799951,-0.199999988,0.215806347,0.046572379
VI,11/1/2019,0.49910411,0.978399992,-0.199999988,0.220561978,0.048647586
VI,12/1/2019,0.415782815,0.990499973,-0.199999988,0.199643665,0.039857593
VI,1/1/2020,0.386094611,0.990699947,-0.199999988,0.192362081,0.03700317
VI,2/1/2020,0.426944072,1.069000006,-0.33769998,0.205692692,0.042309483
VI,3/1/2020,0.479884524,1.006500006,-0.32249999,0.216794402,0.046999813
VI,4/1/2020,0.557605598,0.986499965,-0.199999988,0.208839199,0.043613811
VI,5/1/2020,0.621337548,0.99149996,-0.42749998,0.199280411,0.039712682
VI,6/1/2020,0.664296095,0.9921,-0.199999988,0.175371533,0.030755174
VI,7/1/2020,0.691106843,0.99149996,-0.199999988,0.154944013,0.024007647
VI,8/1/2020,0.69509072,0.960299969,-0.199999988,0.151035589,0.022811749
VI,9/1/2020,0.681297814,0.975299954,-0.199999988,0.164135144,0.026940345
VI,10/1/2020,0.627715916,0.992899954,-0.199199989,0.192436339,0.037031745
WA,1/1/2005,0.219955687,0.996799946,-0.199999988,0.097230953,0.009453858
WA,2/1/2005,0.226067641,0.989499986,-0.199999988,0.10173737,0.010350493
WA,3/1/2005,0.232799834,0.99059999,-0.199999988,0.103748171,0.010763683
WA,4/1/2005,0.244422091,0.99119997,-0.199999988,0.111820689,0.012503867
WA,5/1/2005,0.265772329,0.982599974,-0.199999988,0.132403206,0.017530609
WA,6/1/2005,0.278735288,0.980749965,-0.199999988,0.147700613,0.021815471
WA,7/1/2005,0.277276171,0.9921,-0.199999988,0.151063951,0.022820317
WA,8/1/2005,0.271806715,0.978299975,-0.199999988,0.151776001,0.023035955
WA,9/1/2005,0.251181789,0.994999945,-0.199999988,0.129219743,0.016697742
WA,10/1/2005,0.225791891,0.996599972,-0.199999988,0.104785638,0.01098003
WA,11/1/2005,0.214813018,0.997099996,-0.199999988,0.087679314,0.007687662
WA,12/1/2005,0.22713559,0.979699969,-0.199999988,0.090986073,0.008278466
WA,1/1/2006,0.24787171,0.99849999,-0.199999988,0.098453657,0.009693122
WA,2/1/2006,0.284719002,0.99909997,-0.199999988,0.109094282,0.011901562
WA,3/1/2006,0.294050312,0.985499978,-0.199999988,0.107924101,0.011647612
WA,4/1/2006,0.308559815,0.995199978,-0.199999988,0.110583004,0.012228601
WA,5/1/2006,0.304465003,0.984899998,-0.199999988,0.112906119,0.012747792
WA,6/1/2006,0.293283939,0.986499965,-0.199999988,0.111471795,0.012425961
WA,7/1/2006,0.285215655,0.979299963,-0.199999988,0.114750265,0.013167623
WA,8/1/2006,0.275884741,0.980699956,-0.199999988,0.126965501,0.016120238
WA,9/1/2006,0.252452631,0.981599987,-0.199999988,0.115706853,0.013388076
WA,10/1/2006,0.230749681,0.998599946,-0.199999988,0.089428649,0.007997483
WA,11/1/2006,0.222516606,0.992299974,-0.199999988,0.083465873,0.006966552
WA,12/1/2006,0.220073656,0.982199967,-0.199999988,0.089029144,0.007926188
WA,1/1/2007,0.232190484,0.993799984,-0.199999988,0.103082081,0.010625915
WA,2/1/2007,0.230964856,0.993599951,-0.199999988,0.102581333,0.01052293
WA,3/1/2007,0.250826456,0.993999958,-0.199999988,0.106096209,0.011256406
WA,4/1/2007,0.277707872,0.987899959,-0.199999988,0.109643756,0.012021753
WA,5/1/2007,0.285024773,0.989899993,-0.199999988,0.110412407,0.0121909
WA,6/1/2007,0.287004703,0.998699963,-0.199999988,0.118445656,0.014029373
WA,7/1/2007,0.284476495,0.990799963,-0.199999988,0.130618919,0.017061302
WA,8/1/2007,0.271408589,0.993099988,-0.199999988,0.140881032,0.019847465
WA,9/1/2007,0.244418127,0.99059999,-0.199999988,0.118278427,0.013989786
WA,10/1/2007,0.220409899,0.993200004,-0.199999988,0.093914666,0.008819964
WA,11/1/2007,0.211669535,0.996599972,-0.199999988,0.083059086,0.006898812
WA,12/1/2007,0.222103784,0.975799978,-0.199999988,0.090407179,0.008173458
WA,1/1/2008,0.228635919,0.991799951,-0.199999988,0.103456983,0.010703347
WA,2/1/2008,0.243332134,0.990799963,-0.199999988,0.108438718,0.011758956
WA,3/1/2008,0.251398119,0.983399987,-0.199999988,0.112488994,0.012653774
WA,4/1/2008,0.261030541,0.993699968,-0.199999988,0.110012675,0.012102789
WA,5/1/2008,0.263595976,0.981899977,-0.199999988,0.11963167,0.014311737
WA,6/1/2008,0.27235895,0.997699976,-0.199999988,0.128865793,0.016606392
WA,7/1/2008,0.271890938,0.995599985,-0.199999988,0.144852542,0.020982259
WA,8/1/2008,0.257438083,0.986099958,-0.199999988,0.144046753,0.020749467
WA,9/1/2008,0.236286941,0.997500002,-0.199999988,0.124624948,0.015531378
WA,10/1/2008,0.215609559,0.985799968,-0.199999988,0.097704929,0.009546253
WA,11/1/2008,0.211046885,0.996099949,-0.199999988,0.092661252,0.008586108
WA,12/1/2008,0.226675919,1.039499998,-0.260499984,0.095627516,0.009144622
WA,1/1/2009,0.23035446,1.066499949,-0.292600006,0.102636433,0.010534237
WA,2/1/2009,0.2502214,1.021199942,-0.299499989,0.113457333,0.012872566
WA,3/1/2009,0.255688417,1.022799969,-0.321099997,0.114137428,0.013027353
WA,4/1/2009,0.252579367,1.08949995,-0.308299989,0.109771989,0.01204989
WA,5/1/2009,0.253634515,1.062099934,-0.323399991,0.111947817,0.012532314
WA,6/1/2009,0.268210382,1.109499931,-0.288399994,0.125412522,0.015728301
WA,7/1/2009,0.268584127,1.067299962,-0.274100006,0.138745881,0.019250419
WA,8/1/2009,0.262225976,1.059100032,-0.262499988,0.153636287,0.023604109
WA,9/1/2009,0.241042393,1.108500004,-0.296299994,0.135813066,0.018445189
WA,10/1/2009,0.218557144,1.108299971,-0.264099985,0.103045086,0.01061829
WA,11/1/2009,0.203421863,1.056200027,-0.283499986,0.08959807,0.008027814
WA,12/1/2009,0.210495111,1.039199948,-0.358099997,0.09173282,0.00841491
WA,1/1/2010,0.22241845,1.041700006,-0.262099981,0.100658628,0.010132159
WA,2/1/2010,0.230452766,1.159600019,-0.324999988,0.107774567,0.011615357
WA,3/1/2010,0.232840804,1.04610002,-0.328500003,0.108878676,0.011854566
WA,4/1/2010,0.241093778,1.090600014,-0.291199982,0.110756577,0.012267019
WA,5/1/2010,0.248624951,1.097100019,-0.279300004,0.118468562,0.0140348
WA,6/1/2010,0.257582052,1.057199955,-0.262400001,0.128100525,0.016409745
WA,7/1/2010,0.259487707,1.113600016,-0.304499984,0.135125426,0.018258881
WA,8/1/2010,0.251548563,1.03489995,-0.299699992,0.136470821,0.018624285
WA,9/1/2010,0.232888662,1.052600026,-0.28549999,0.111376291,0.012404678
WA,10/1/2010,0.216304148,1.163100004,-0.280399978,0.088258557,0.007789573
WA,11/1/2010,0.208365638,1.056399941,-0.277999997,0.085865923,0.007372957
WA,12/1/2010,0.218881484,1.082700014,-0.24499999,0.089184475,0.007953871
WA,1/1/2011,0.238124765,1.041999936,-0.276299983,0.103751153,0.010764302
WA,2/1/2011,0.256365677,1.032500029,-0.269699991,0.098803424,0.009762117
WA,3/1/2011,0.289057303,1.040899992,-0.262499988,0.105032408,0.011031807
WA,4/1/2011,0.297792497,1.08130002,-0.265100002,0.10817501,0.011701833
WA,5/1/2011,0.307546216,1.041100025,-0.301099986,0.113017593,0.012772976
WA,6/1/2011,0.315503886,1.008299947,-0.28579998,0.119186894,0.014205516
WA,7/1/2011,0.325702752,1.03339994,-0.368399978,0.14010517,0.019629459
WA,8/1/2011,0.311146626,0.987499952,-0.199999988,0.145118711,0.02105944
WA,9/1/2011,0.276045472,0.992799997,-0.228199989,0.121047313,0.014652452
WA,10/1/2011,0.253101361,1.085099936,-0.267399997,0.099959259,0.009991854
WA,11/1/2011,0.247308736,1.058099985,-0.279199988,0.094347678,0.008901484
WA,12/1/2011,0.250129861,0.997599959,-0.255099982,0.098734847,0.00974857
WA,1/1/2012,0.26074886,1.01759994,-0.271699995,0.097411203,0.009488942
WA,2/1/2012,0.267300362,1.060400009,-0.259799987,0.102669502,0.010541027
WA,3/1/2012,0.276618556,1.069800019,-0.305399984,0.112270966,0.01260477
WA,4/1/2012,0.27915916,1.129099965,-0.280299991,0.109201896,0.011925054
WA,5/1/2012,0.276509135,1.036000013,-0.296499997,0.11227217,0.01260504
WA,6/1/2012,0.285822165,1.084699988,-0.303599983,0.123342271,0.015213316
WA,7/1/2012,0.280830697,1.127900004,-0.296900004,0.132527533,0.017563547
WA,8/1/2012,0.268973892,0.983799994,-0.302300006,0.138130554,0.01908005
WA,9/1/2012,0.245583321,1.021700025,-0.287200004,0.118586218,0.014062691
WA,10/1/2012,0.220657424,0.992199957,-0.257699996,0.093379908,0.008719807
WA,11/1/2012,0.211543162,1.119199991,-0.292999983,0.091580736,0.008387031
WA,12/1/2012,0.221237923,1.055199981,-0.238999993,0.099734444,0.009946959
WA,1/1/2013,0.2324608,0.997199953,-0.199999988,0.108665109,0.011808106
WA,2/1/2013,0.235628458,0.988199949,-0.199999988,0.109244385,0.011934336
WA,3/1/2013,0.257638312,0.995299995,-0.199999988,0.115702589,0.013387089
WA,4/1/2013,0.26237826,0.984399974,-0.199999988,0.11715954,0.013726358
WA,5/1/2013,0.27600877,0.988299966,-0.199999988,0.125971549,0.015868831
WA,6/1/2013,0.289659693,0.992599964,-0.199999988,0.136351377,0.018591698
WA,7/1/2013,0.29229222,0.986799955,-0.199999988,0.144529446,0.020888761
WA,8/1/2013,0.276311105,0.980699956,-0.199999988,0.147077002,0.021631644
WA,9/1/2013,0.247968161,0.978999972,-0.199999988,0.124938698,0.015609678
WA,10/1/2013,0.221274118,0.992999971,-0.199999988,0.096706106,0.009352071
WA,11/1/2013,0.216084867,0.995299995,-0.199999988,0.094056358,0.008846598
WA,12/1/2013,0.228460473,0.975299954,-0.199999988,0.101169859,0.01023534
WA,1/1/2014,0.245676017,0.998399973,-0.199999988,0.109100175,0.011902848
WA,2/1/2014,0.26233914,0.99849999,-0.199999988,0.106978317,0.01144436
WA,3/1/2014,0.26842097,0.984499991,-0.199999988,0.113099466,0.012791489
WA,4/1/2014,0.27190027,0.998899996,-0.199999988,0.113320775,0.012841598
WA,5/1/2014,0.294544641,0.987999976,-0.199999988,0.120408096,0.01449811
WA,6/1/2014,0.295765807,0.995599985,-0.199999988,0.133764591,0.017892966
WA,7/1/2014,0.293462567,0.987399995,-0.199999988,0.149378528,0.022313945
WA,8/1/2014,0.271298048,0.986199975,-0.199999988,0.146891629,0.021577151
WA,9/1/2014,0.244296515,0.985199988,-0.199999988,0.124499388,0.015500098
WA,10/1/2014,0.223090663,0.982599974,-0.199999988,0.098585444,0.00971909
WA,11/1/2014,0.214818886,0.996599972,-0.199999988,0.096231842,0.009260568
WA,12/1/2014,0.222884553,0.996499956,-0.199999988,0.101087713,0.010218726
WA,1/1/2015,0.233642271,0.999199986,-0.199999988,0.11483812,0.013187794
WA,2/1/2015,0.240112279,0.988599956,-0.199999988,0.110530475,0.012216986
WA,3/1/2015,0.263388238,0.997199953,-0.199999988,0.110537489,0.012218536
WA,4/1/2015,0.282519219,0.988899946,-0.199999988,0.115680969,0.013382087
WA,5/1/2015,0.284877003,0.994299948,-0.199999988,0.117853079,0.013889348
WA,6/1/2015,0.29823327,0.986999989,-0.199999988,0.130944908,0.017146569
WA,7/1/2015,0.297166882,0.98209995,-0.199999988,0.142773541,0.020384284
WA,8/1/2015,0.27964784,0.976099968,-0.199999988,0.147304292,0.021698554
WA,9/1/2015,0.247799083,0.996699989,-0.199999988,0.11755305,0.01381872
WA,10/1/2015,0.222347209,0.978999972,-0.199999988,0.092292748,0.008517951
WA,11/1/2015,0.215048125,0.996399999,-0.199999988,0.088201555,0.007779514
WA,12/1/2015,0.219530145,0.995199978,-0.239899993,0.096133756,0.009241699
WA,1/1/2016,0.234907292,1.133599997,-0.302699983,0.106931177,0.011434277
WA,2/1/2016,0.246610362,1.048499942,-0.27759999,0.106511534,0.011344707
WA,3/1/2016,0.256259457,1.155099988,-0.255099982,0.112415487,0.012637242
WA,4/1/2016,0.26583014,1.067099929,-0.296000004,0.114762826,0.013170506
WA,5/1/2016,0.281154774,1.112999916,-0.291700006,0.129128557,0.016674184
WA,6/1/2016,0.298591966,0.992399991,-0.299999982,0.162224721,0.02631686
WA,7/1/2016,0.294295656,0.951049984,-0.299999982,0.173016433,0.029934686
WA,8/1/2016,0.286826353,0.982899964,-0.199999988,0.151245797,0.022875291
WA,9/1/2016,0.258104199,0.991099954,-0.199999988,0.134882807,0.018193372
WA,10/1/2016,0.227747884,0.986599982,-0.199999988,0.101328301,0.010267425
WA,11/1/2016,0.217550918,0.996799946,-0.199999988,0.08723377,0.007609731
WA,12/1/2016,0.225659309,0.991899967,-0.199999988,0.08728705,0.007619029
WA,1/1/2017,0.262602034,0.99789995,-0.199999988,0.104758705,0.010974386
WA,2/1/2017,0.289657134,0.987299979,-0.199999988,0.110443291,0.012197721
WA,3/1/2017,0.299292389,0.994099975,-0.199999988,0.119182504,0.014204469
WA,4/1/2017,0.303907683,0.988099992,-0.199999988,0.115056445,0.013237986
WA,5/1/2017,0.305526507,0.993999958,-0.199999988,0.116842092,0.013652074
WA,6/1/2017,0.303044821,0.992199957,-0.199999988,0.120830997,0.01460013
WA,7/1/2017,0.295708437,0.991899967,-0.199999988,0.131567293,0.017309953
WA,8/1/2017,0.284233747,0.987199962,-0.199999988,0.137201818,0.018824339
WA,9/1/2017,0.26824045,0.972599983,-0.199999988,0.125302094,0.015700615
WA,10/1/2017,0.243353176,0.981599987,-0.199999988,0.101648516,0.010332421
WA,11/1/2017,0.230912428,0.989799976,-0.199999988,0.096893485,0.009388347
WA,12/1/2017,0.234401849,0.994699955,-0.199999988,0.103557031,0.010724059
WA,1/1/2018,0.253220579,0.997799993,-0.199999988,0.111132191,0.012350364
WA,2/1/2018,0.284123555,0.989499986,-0.199999988,0.116351477,0.013537666
WA,3/1/2018,0.288125484,0.995499969,-0.199999988,0.115099899,0.013247987
WA,4/1/2018,0.278029368,0.996799946,-0.199999988,0.112923446,0.012751705
WA,5/1/2018,0.278716996,0.992299974,-0.199999988,0.113559714,0.012895809
WA,6/1/2018,0.294080439,0.996299982,-0.199999988,0.126008851,0.015878231
WA,7/1/2018,0.299701855,0.994399965,-0.199999988,0.146495113,0.021460818
WA,8/1/2018,0.283996782,0.986000001,-0.199999988,0.155334852,0.024128916
WA,9/1/2018,0.261388579,0.994499981,-0.199999988,0.137240604,0.018834983
WA,10/1/2018,0.236103492,0.990499973,-0.199999988,0.105075073,0.011040771
WA,11/1/2018,0.22322753,0.994999945,-0.199999988,0.095414174,0.009103865
WA,12/1/2018,0.221047121,0.997799993,-0.199999988,0.092884218,0.008627478
WA,1/1/2019,0.225299576,0.996399999,-0.199999988,0.100908614,0.010182548
WA,2/1/2019,0.232924283,0.997099996,-0.199999988,0.108941927,0.011868344
WA,3/1/2019,0.240942387,0.98939997,-0.199999988,0.113716798,0.01293151
WA,4/1/2019,0.24608745,0.989199996,-0.199999988,0.115591214,0.013361329
WA,5/1/2019,0.2466344,0.97299999,-0.199999988,0.117353069,0.013771743
WA,6/1/2019,0.259412126,0.981700003,-0.199999988,0.129086951,0.016663441
WA,7/1/2019,0.260946424,0.986599982,-0.199999988,0.143643192,0.020633367
WA,8/1/2019,0.252651464,0.987699986,-0.199999988,0.151144396,0.022844629
WA,9/1/2019,0.228739387,0.972599983,-0.199999988,0.123264687,0.015194183
WA,10/1/2019,0.205217339,0.983599961,-0.199999988,0.093248546,0.008695291
WA,11/1/2019,0.198146671,0.991899967,-0.199999988,0.084494835,0.007139377
WA,12/1/2019,0.200682885,0.993799984,-0.199999988,0.085229367,0.007264045
WA,1/1/2020,0.222365047,0.995399952,-0.199999988,0.098857885,0.009772881
WA,2/1/2020,0.239550962,1.118899941,-0.473699987,0.108393287,0.011749105
WA,3/1/2020,0.248099028,1.022699952,-0.371600002,0.109916229,0.012081577
WA,4/1/2020,0.246044654,0.986299992,-0.199999988,0.107930038,0.011648893
WA,5/1/2020,0.250394347,1.039499998,-0.353699982,0.112608553,0.012680686
WA,6/1/2020,0.263760119,0.988599956,-0.199999988,0.129102584,0.016667477
WA,7/1/2020,0.265320958,0.994099975,-0.199999988,0.148663375,0.022100799
WA,8/1/2020,0.255785238,0.969199955,-0.199999988,0.155347476,0.024132838
WA,9/1/2020,0.234510204,0.984899998,-0.199999988,0.126897852,0.016103065
WA,10/1/2020,0.213639778,0.978199959,-0.199999988,0.099860498,0.009972119
